Brand,Model,Variant,Ex-Showroom Price,Engine Type,Displacement,Max Power,Max Torque,No. of Cylinders,Valves Per Cylinder,Transmission,Gearbox,Drive Type,Fuel Type,Petrol Mileage ARAI,Petrol Fuel Tank Capacity,Emission Norm Compliance,Front Suspension,Rear Suspension,Steering Type,Steering Column,Turning Radius,Front Brake Type,Rear Brake Type,Length,Width,Height,Boot Space,Seating Capacity,Ground Clearance Unladen,Wheel Base,Kerb Weight,Gross Weight,No. of Doors,Power Steering,Air Conditioner,Heater,Adjustable Steering,Height Adjustable Driver Seat,Automatic Climate Control,Accessory Power Outlet,Trunk Light,Vanity Mirror,Rear Reading Lamp,Rear Seat Headrest,Adjustable Headrest,Rear Seat Centre Arm Rest,Rear AC Vents,Cruise Control,Parking Sensors,Real-Time Vehicle Tracking,KeyLess Entry,Engine Start/Stop Button,Voice Commands,USB Charger,Hands-Free Tailgate,Gear Shift Indicator,Luggage Hook & Net,Idle Start-Stop System,Follow Me Home Headlamps,Additional Features (Comfort & Convenience),Power Windows,Cup Holders,Tachometer,Leather Wrapped Steering Wheel,Glove Box,Additional Features (Interior),Adjustable Headlamps,Rear Window Defogger,Wheel Covers,Alloy Wheels,Outside Rear View Mirror Turn Indicators,Integrated Antenna,Projector Headlamps,Automatic Headlamps,Fog Lights,Antenna,Sunroof,Boot Opening,Outside Rear View Mirror (ORVM),Tyre Size,Tyre Type,Wheel Size,LED DRLs,LED Headlamps,LED Fog Lamps,Additional Features (Exterior),Anti-lock Braking System (ABS),Central Locking,No. of Airbags,Driver Airbag,Passenger Airbag,Side Airbag,Side Airbag-Rear,Day & Night Rear View Mirror,Curtain Airbag,Electronic Brakeforce Distribution (EBD),Seat Belt Warning,Tyre Pressure Monitoring System (TPMS),Engine Immobilizer,Electronic Stability Control (ESC),Rear Camera,Anti-Theft Device,Anti-Pinch Power Windows,Speed Alert,Speed Sensing Auto Door Lock,ISOFIX Child Seat Mounts,Pretensioners & Force Limiter Seatbelts,Hill Assist,Impact Sensing Auto Door Unlock,360 View Camera,Global NCAP Safety Rating,Global NCAP Child Safety Rating,Radio,Wireless Phone Charging,Bluetooth Connectivity,Touchscreen,Touchscreen Size,Android Auto,Apple CarPlay,USB Ports,Speakers,Driver Attention Warning,Live Location,Over the Air (OTA) Updates,Google / Alexa Connectivity,Over Speeding Alert,Tow Away Alert,Smartwatch App,Valet Mode,Remote Door Lock/Unlock,Geo-fence Alert,City-wise Prices
Maruti,Maruti Suzuki Dzire,Dzire LXI,Rs.6.79 Lakh*Get On-Road Price,Z12E,1197 cc,80bhp@5700rpm,111.7Nm@4300rpm,3,4,N/A,5-Speed,FWD,N/A,N/A,37 Litres,BS VI 2.0,MacPherson Strut suspension,Rear twist beam,Electric,Tilt,4.8 m,Disc,Drum,3995 mm,1735 mm,1525 mm,382 Litres,5,163 mm,2450 mm,920-960 kg,1375 kg,4,Yes,Yes,Yes,Height only,No,No,Yes,No,No,Yes,Integrated,Yes,No,No,No,Rear,No,Yes,No,No,No,No,Yes,Yes,Yes,No,N/A,Front & Rear,Front Only,Yes,No,Yes,N/A,Yes,Yes,No,No,No,Yes,Yes,No,No,Shark Fin,No,Electronic,Manual,165/80 R14,Radial Tubeless,14 Inch,No,No,No,N/A,Yes,Yes,6,Yes,Yes,Yes,No,No,Yes,Yes,Yes,No,Yes,Yes,No,No,Driver's Window,Yes,Yes,Yes,Driver and Passenger,Yes,Yes,No,5 Star,4 Star,No,No,No,No,inch,No,No,No,No,No,No,No,No,No,No,No,No,No,No,Bangalore: Rs.8.12 Lakh; Mumbai: Rs.7.91 Lakh; Pune: Rs.7.91 Lakh; Hyderabad: Rs.8.12 Lakh; Chennai: Rs.8.05 Lakh; Ahmedabad: Rs.7.67 Lakh; Lucknow: Rs.7.70 Lakh; Jaipur: Rs.7.87 Lakh; Patna: Rs.7.87 Lakh; Chandigarh: Rs.7.84 Lakh
Maruti,Maruti Suzuki Dzire,Dzire VXI,Rs.7.79 Lakh*Get On-Road Price,Z12E,1197 cc,80bhp@5700rpm,111.7Nm@4300rpm,3,4,N/A,5-Speed,FWD,N/A,N/A,37 Litres,BS VI 2.0,MacPherson Strut suspension,Rear twist beam,Electric,Tilt,4.8 m,Disc,Drum,3995 mm,1735 mm,1525 mm,382 Litres,5,163 mm,2450 mm,920-960 kg,1375 kg,4,Yes,Yes,Yes,Height only,Yes,No,Yes,Yes,Yes,Yes,Adjustable,Yes,Yes,Yes,No,Rear,No,Yes,No,Yes,Front & Rear,No,Yes,Yes,Yes,No,N/A,Front & Rear,Front & Rear,Yes,No,Yes,N/A,Yes,Yes,Yes,No,Yes,Yes,Yes,No,No,Shark Fin,No,Electronic,Powered,165/80 R14,Radial Tubeless,14 Inch,No,No,No,N/A,Yes,Yes,6,Yes,Yes,Yes,No,Yes,Yes,Yes,Yes,No,Yes,Yes,No,No,Driver's Window,Yes,Yes,Yes,Driver and Passenger,Yes,Yes,No,5 Star,4 Star,Yes,No,Yes,Yes,7 inch,Yes,Yes,Yes,Front & Rear,No,No,Yes,No,No,No,No,No,No,No,Bangalore: Rs.9.29 Lakh; Mumbai: Rs.9.06 Lakh; Pune: Rs.9.06 Lakh; Hyderabad: Rs.9.29 Lakh; Chennai: Rs.9.22 Lakh; Ahmedabad: Rs.8.76 Lakh; Lucknow: Rs.8.82 Lakh; Jaipur: Rs.9.01 Lakh; Patna: Rs.9 Lakh; Chandigarh: Rs.8.98 Lakh
Maruti,Maruti Suzuki Dzire,Dzire VXI AMT,Rs.8.24 Lakh*Get On-Road Price,Z12E,1197 cc,80bhp@5700rpm,111.7Nm@4300rpm,3,4,N/A,5-Speed,FWD,N/A,N/A,37 Litres,BS VI 2.0,MacPherson Strut suspension,Rear twist beam,Electric,Tilt,4.8 m,Disc,Drum,3995 mm,1735 mm,1525 mm,382 Litres,5,163 mm,2450 mm,920-960 kg,1375 kg,4,Yes,Yes,Yes,Height only,Yes,No,Yes,Yes,Yes,Yes,Adjustable,Yes,Yes,Yes,No,Rear,No,Yes,No,Yes,Front & Rear,No,No,Yes,Yes,No,N/A,Front & Rear,Front & Rear,Yes,No,Yes,N/A,Yes,Yes,Yes,No,Yes,Yes,Yes,No,No,Shark Fin,No,Electronic,Powered,165/80 R14,Radial Tubeless,14 Inch,No,No,No,N/A,Yes,Yes,6,Yes,Yes,Yes,No,Yes,Yes,Yes,Yes,No,Yes,Yes,No,No,Driver's Window,Yes,Yes,Yes,Driver and Passenger,Yes,Yes,No,5 Star,4 Star,Yes,No,Yes,Yes,7 inch,Yes,Yes,Yes,Front & Rear,No,No,Yes,No,No,No,No,No,No,No,Bangalore: Rs.9.82 Lakh; Mumbai: Rs.9.58 Lakh; Pune: Rs.9.58 Lakh; Hyderabad: Rs.9.82 Lakh; Chennai: Rs.9.74 Lakh; Ahmedabad: Rs.9.25 Lakh; Lucknow: Rs.9.32 Lakh; Jaipur: Rs.9.52 Lakh; Patna: Rs.9.57 Lakh; Chandigarh: Rs.9.49 Lakh
Maruti,Maruti Suzuki Dzire,Dzire VXI CNG,Rs.8.74 Lakh*Get On-Road Price,Z12E,1197 cc,69bhp@5700rpm,101.8Nm@2900rpm,3,4,N/A,5-Speed,FWD,N/A,N/A,N/A,BS VI 2.0,MacPherson Strut suspension,Rear twist beam,Electric,Tilt,4.8 m,Disc,Drum,3995 mm,1735 mm,1525 mm,N/A,5,163 mm,2450 mm,1020-1025 kg,1435 kg,4,Yes,Yes,Yes,Height only,Yes,No,Yes,Yes,Yes,Yes,Adjustable,Yes,Yes,Yes,No,Rear,No,Yes,No,Yes,Front & Rear,No,Yes,Yes,Yes,No,N/A,Front & Rear,Front & Rear,Yes,No,Yes,N/A,Yes,Yes,Yes,No,Yes,Yes,Yes,No,No,Shark Fin,No,Electronic,Powered,165/80 R14,Radial Tubeless,14 Inch,No,No,No,N/A,Yes,Yes,6,Yes,Yes,Yes,No,Yes,Yes,Yes,Yes,No,Yes,Yes,No,No,Driver's Window,Yes,Yes,Yes,Driver and Passenger,Yes,Yes,No,5 Star,4 Star,Yes,No,Yes,Yes,7 inch,Yes,Yes,Yes,Front & Rear,No,No,Yes,No,No,No,No,No,No,No,Bangalore: Rs.10.41 Lakh; Mumbai: Rs.9.80 Lakh; Pune: Rs.9.80 Lakh; Hyderabad: Rs.10.41 Lakh; Chennai: Rs.10.33 Lakh; Ahmedabad: Rs.9.82 Lakh; Lucknow: Rs.9.88 Lakh; Jaipur: Rs.10.09 Lakh; Patna: Rs.10.14 Lakh; Chandigarh: Rs.10.05 Lakh
Maruti,Maruti Suzuki Dzire,Dzire ZXI,Rs.8.89 Lakh*Get On-Road Price,Z12E,1197 cc,80bhp@5700rpm,111.7Nm@4300rpm,3,4,N/A,5-Speed,FWD,N/A,N/A,37 Litres,BS VI 2.0,MacPherson Strut suspension,Rear twist beam,Electric,Tilt,4.8 m,Disc,Drum,3995 mm,1735 mm,1525 mm,382 Litres,5,163 mm,2450 mm,920-960 kg,1375 kg,4,Yes,Yes,Yes,Height only,Yes,Yes,Yes,Yes,Yes,Yes,Adjustable,Yes,Yes,Yes,No,Rear,Yes,Yes,Yes,Yes,Front & Rear,No,Yes,Yes,Yes,Yes,N/A,Front & Rear,Front & Rear,Yes,No,Yes,N/A,Yes,Yes,No,Yes,Yes,Yes,No,Yes,No,Shark Fin,No,Electronic,Powered,185/65 R15,Radial Tubeless,N/A,Yes,Yes,No,N/A,Yes,Yes,6,Yes,Yes,Yes,No,Yes,Yes,Yes,Yes,Yes,Yes,Yes,With Guidedlines,No,Driver's Window,Yes,Yes,Yes,Driver and Passenger,Yes,Yes,No,5 Star,4 Star,Yes,Yes,Yes,Yes,7 inch,Yes,Yes,Yes,Front & Rear,Yes,Yes,Yes,Yes,Yes,Yes,Yes,Yes,Yes,Yes,Bangalore: Rs.10.59 Lakh; Mumbai: Rs.10.32 Lakh; Pune: Rs.10.32 Lakh; Hyderabad: Rs.10.59 Lakh; Chennai: Rs.10.50 Lakh; Ahmedabad: Rs.9.98 Lakh; Lucknow: Rs.10.05 Lakh; Jaipur: Rs.10.26 Lakh; Patna: Rs.10.32 Lakh; Chandigarh: Rs.10.22 Lakh
Maruti,Maruti Suzuki Dzire,Dzire ZXI AMT,Rs.9.34 Lakh*Get On-Road Price,Z12E,1197 cc,80bhp@5700rpm,111.7Nm@4300rpm,3,4,N/A,5-Speed AMT,FWD,N/A,N/A,37 Litres,BS VI 2.0,MacPherson Strut suspension,Rear twist beam,Electric,Tilt,4.8 m,Disc,Drum,3995 mm,1735 mm,1525 mm,382 Litres,5,163 mm,2450 mm,920-960 kg,1375 kg,4,Yes,Yes,Yes,Height only,Yes,Yes,Yes,Yes,Yes,Yes,Adjustable,Yes,Yes,Yes,No,Rear,Yes,Yes,Yes,Yes,Front & Rear,No,No,Yes,Yes,Yes,N/A,Front & Rear,Front & Rear,Yes,No,Yes,N/A,Yes,Yes,No,Yes,Yes,Yes,No,Yes,No,Shark Fin,No,Electronic,Powered,185/65 R15,Radial Tubeless,N/A,Yes,Yes,No,N/A,Yes,Yes,6,Yes,Yes,Yes,No,Yes,Yes,Yes,Yes,Yes,Yes,Yes,With Guidedlines,No,Driver's Window,Yes,Yes,Yes,Driver and Passenger,Yes,Yes,No,5 Star,4 Star,Yes,Yes,Yes,Yes,7 inch,Yes,Yes,Yes,Front & Rear,Yes,Yes,Yes,Yes,Yes,Yes,Yes,Yes,Yes,Yes,Bangalore: Rs.11.12 Lakh; Mumbai: Rs.10.84 Lakh; Pune: Rs.10.84 Lakh; Hyderabad: Rs.11.12 Lakh; Chennai: Rs.11.03 Lakh; Ahmedabad: Rs.10.47 Lakh; Lucknow: Rs.10.55 Lakh; Jaipur: Rs.10.77 Lakh; Patna: Rs.10.83 Lakh; Chandigarh: Rs.10.74 Lakh
Maruti,Maruti Suzuki Dzire,Dzire ZXI CNG,Rs.9.84 Lakh*Get On-Road Price,Z12E,1197 cc,69bhp@5700rpm,101.8Nm@2900rpm,3,4,N/A,5-Speed,FWD,N/A,N/A,N/A,BS VI 2.0,MacPherson Strut suspension,Rear twist beam,Electric,Tilt,4.8 m,Disc,Drum,3995 mm,1735 mm,1525 mm,N/A,5,163 mm,2450 mm,1020-1025 kg,1435 kg,4,Yes,Yes,Yes,Height only,Yes,Yes,Yes,Yes,Yes,Yes,Adjustable,Yes,Yes,Yes,No,Rear,Yes,Yes,Yes,Yes,Front & Rear,No,Yes,Yes,Yes,Yes,N/A,Front & Rear,Front & Rear,Yes,No,Yes,N/A,Yes,Yes,No,Yes,Yes,Yes,No,Yes,No,Shark Fin,N/A,Electronic,Powered,185/65 R15,Radial Tubeless,N/A,Yes,Yes,No,N/A,Yes,Yes,6,Yes,Yes,Yes,No,Yes,Yes,Yes,Yes,Yes,Yes,Yes,With Guidedlines,Yes,Driver's Window,Yes,Yes,Yes,Driver and Passenger,Yes,Yes,No,5 Star,4 Star,Yes,Yes,Yes,Yes,7 inch,Yes,Yes,Yes,Front & Rear,Yes,Yes,Yes,Yes,Yes,Yes,Yes,Yes,Yes,Yes,Bangalore: Rs.11.71 Lakh; Mumbai: Rs.11.02 Lakh; Pune: Rs.11.02 Lakh; Hyderabad: Rs.11.71 Lakh; Chennai: Rs.11.61 Lakh; Ahmedabad: Rs.11.04 Lakh; Lucknow: Rs.11.11 Lakh; Jaipur: Rs.11.34 Lakh; Patna: Rs.11.40 Lakh; Chandigarh: Rs.11.30 Lakh
Maruti,Maruti Suzuki Dzire,Dzire ZXI Plus AMT,Rs.10.14 Lakh*Get On-Road Price,Z12E,1197 cc,80bhp@5700rpm,111.7Nm@4300rpm,3,4,N/A,5-Speed AMT,FWD,N/A,N/A,37 Litres,BS VI 2.0,MacPherson Strut suspension,Rear twist beam,Electric,Tilt,4.8 m,Disc,Drum,3995 mm,1735 mm,1525 mm,382 Litres,5,163 mm,2450 mm,920-960 kg,1375 kg,4,Yes,Yes,Yes,Height only,Yes,Yes,Yes,Yes,Yes,Yes,Adjustable,Yes,Yes,Yes,Yes,Rear,Yes,Yes,Yes,Yes,Front & Rear,No,No,Yes,Yes,Yes,N/A,Front & Rear,Front & Rear,Yes,Yes,Yes,N/A,Yes,Yes,No,Yes,Yes,Yes,No,Yes,Front,Shark Fin,Single Pane,Electronic,Powered & Folding,185/65 R15,Radial Tubeless,N/A,Yes,Yes,Yes,N/A,Yes,Yes,6,Yes,Yes,Yes,No,Yes,Yes,Yes,Yes,Yes,Yes,Yes,With Guidedlines,Yes,Driver's Window,Yes,Yes,Yes,Driver and Passenger,Yes,Yes,Yes,5 Star,4 Star,Yes,Yes,Yes,Yes,9 inch,Yes,Yes,Yes,Front & Rear,Yes,Yes,Yes,Yes,Yes,Yes,Yes,Yes,Yes,Yes,Bangalore: Rs.12.47 Lakh; Mumbai: Rs.11.96 Lakh; Pune: Rs.11.96 Lakh; Hyderabad: Rs.12.47 Lakh; Chennai: Rs.12.57 Lakh; Ahmedabad: Rs.11.46 Lakh; Lucknow: Rs.11.75 Lakh; Jaipur: Rs.11.78 Lakh; Patna: Rs.11.85 Lakh; Chandigarh: Rs.11.75 Lakh
Maruti,Maruti Suzuki Swift,Swift LXi,Rs.6.49 Lakh*Get On-Road Price,Z12E,1197 cc,80.46bhp@5700rpm,111.7Nm@4300rpm,3,4,N/A,5-Speed,FWD,N/A,N/A,37 Litres,BS VI 2.0,MacPherson Strut suspension,Rear twist beam,Electric,Tilt,4.8 m,Ventilated Disc,Drum,3860 mm,1735 mm,1520 mm,265 Litres,5,163 mm,2450 mm,920 kg,1355 kg,5,Yes,Yes,Yes,Height only,No,No,Yes,No,No,Yes,N/A,Yes,N/A,No,No,Rear,No,Yes,No,No,No,N/A,Yes,Yes,N/A,No,N/A,Front & Rear,Front Only,Yes,No,Yes,N/A,Yes,Yes,No,No,No,N/A,No,No,No,Micropole,N/A,Electronic,Manual,165/80 R14,Radial Tubeless,14 Inch,No,No,No,N/A,Yes,Yes,6,Yes,Yes,Yes,No,No,Yes,Yes,Yes,N/A,Yes,Yes,No,No,Driver's Window,Yes,Yes,Yes,Driver and Passenger,Yes,N/A,N/A,N/A,N/A,No,No,No,No,inch,No,No,No,No,No,No,No,No,No,No,No,No,No,No,Bangalore: Rs.7.76 Lakh; Mumbai: Rs.7.59 Lakh; Pune: Rs.7.58 Lakh; Hyderabad: Rs.7.97 Lakh; Chennai: Rs.7.68 Lakh; Ahmedabad: Rs.7.31 Lakh; Lucknow: Rs.7.27 Lakh; Jaipur: Rs.7.80 Lakh; Patna: Rs.7.53 Lakh; Chandigarh: Rs.7.50 Lakh
Maruti,Maruti Suzuki Swift,Swift VXi,Rs.7.29 Lakh*Get On-Road Price,Z12E,1197 cc,80.46bhp@5700rpm,111.7Nm@4300rpm,3,4,N/A,5-Speed,FWD,N/A,N/A,37 Litres,BS VI 2.0,MacPherson Strut suspension,Rear twist beam,Electric,Tilt,4.8 m,Ventilated Disc,Drum,3860 mm,1735 mm,1520 mm,265 Litres,5,163 mm,2450 mm,920 kg,1355 kg,5,Yes,Yes,Yes,Height only,No,No,Yes,No,Yes,Yes,N/A,Yes,N/A,No,No,Rear,No,Yes,No,Yes,Front,N/A,Yes,Yes,N/A,No,N/A,Front & Rear,Front Only,Yes,No,Yes,N/A,Yes,Yes,Yes,No,Yes,N/A,No,No,No,Micropole,N/A,Electronic,Powered,165/80 R14,Radial Tubeless,14 Inch,No,No,No,N/A,Yes,Yes,6,Yes,Yes,Yes,No,Yes,Yes,Yes,Yes,N/A,Yes,Yes,No,Yes,Driver's Window,Yes,Yes,Yes,Driver and Passenger,Yes,N/A,N/A,N/A,N/A,Yes,No,Yes,Yes,7 inch,Yes,Yes,Yes,Front & Rear,No,No,Yes,No,No,No,No,No,No,No,Bangalore: Rs.8.71 Lakh; Mumbai: Rs.8.50 Lakh; Pune: Rs.8.50 Lakh; Hyderabad: Rs.8.94 Lakh; Chennai: Rs.8.61 Lakh; Ahmedabad: Rs.8.21 Lakh; Lucknow: Rs.8.15 Lakh; Jaipur: Rs.8.74 Lakh; Patna: Rs.8.44 Lakh; Chandigarh: Rs.8.41 Lakh
Maruti,Maruti Suzuki Swift,Swift VXi Opt,Rs.7.57 Lakh*Get On-Road Price,Z12E,1197 cc,80.46bhp@5700rpm,111.7Nm@4300rpm,3,4,N/A,5-Speed,FWD,N/A,N/A,37 Litres,BS VI 2.0,MacPherson Strut suspension,Rear twist beam,Electric,Tilt,4.8 m,Ventilated Disc,Drum,3860 mm,1735 mm,1520 mm,265 Litres,5,163 mm,2450 mm,920 kg,1355 kg,5,Yes,Yes,Yes,Height only,No,No,Yes,No,Yes,Yes,N/A,Yes,N/A,No,No,Rear,Yes,Yes,Yes,Yes,Front,N/A,Yes,Yes,N/A,No,N/A,Front & Rear,Front Only,Yes,No,Yes,N/A,Yes,Yes,Yes,No,Yes,N/A,No,No,No,Micropole,N/A,Electronic,Powered,165/80 R14,Radial Tubeless,14 Inch,No,No,No,N/A,Yes,Yes,6,Yes,Yes,Yes,No,Yes,Yes,Yes,Yes,N/A,Yes,Yes,No,Yes,Driver's Window,Yes,Yes,Yes,Driver and Passenger,Yes,N/A,N/A,4 Star,N/A,Yes,No,Yes,Yes,7 inch,Yes,Yes,Yes,Front & Rear,Yes,Yes,Yes,Yes,Yes,Yes,Yes,Yes,Yes,Yes,Bangalore: Rs.9.03 Lakh; Mumbai: Rs.8.81 Lakh; Pune: Rs.8.81 Lakh; Hyderabad: Rs.9.03 Lakh; Chennai: Rs.8.92 Lakh; Ahmedabad: Rs.8.50 Lakh; Lucknow: Rs.8.44 Lakh; Jaipur: Rs.9.06 Lakh; Patna: Rs.8.74 Lakh; Chandigarh: Rs.8.72 Lakh
Maruti,Maruti Suzuki Swift,Swift VXi AMT,Rs.7.75 Lakh*Get On-Road Price,Z12E,1197 cc,80.46bhp@5700rpm,111.7Nm@4300rpm,3,4,N/A,5-Speed,FWD,N/A,N/A,37 Litres,BS VI 2.0,MacPherson Strut suspension,Rear twist beam,Electric,Tilt,4.8 m,Ventilated Disc,Drum,3860 mm,1735 mm,1520 mm,265 Litres,5,163 mm,2450 mm,925 kg,1355 kg,5,Yes,Yes,Yes,Height only,No,No,Yes,No,Yes,Yes,N/A,Yes,N/A,No,No,Rear,No,Yes,No,Yes,Front,N/A,No,Yes,N/A,No,N/A,Front & Rear,Front Only,Yes,No,Yes,N/A,Yes,Yes,Yes,No,Yes,N/A,No,No,No,Micropole,N/A,Electronic,Powered,165/80 R14,Radial Tubeless,14 Inch,No,No,No,N/A,Yes,Yes,6,Yes,Yes,Yes,No,Yes,Yes,Yes,Yes,N/A,Yes,Yes,No,Yes,Driver's Window,Yes,Yes,Yes,Driver and Passenger,Yes,N/A,N/A,N/A,N/A,Yes,No,Yes,Yes,7 inch,Yes,Yes,Yes,Front & Rear,No,No,Yes,No,No,No,No,No,No,No,Bangalore: Rs.9.25 Lakh; Mumbai: Rs.9.03 Lakh; Pune: Rs.9.01 Lakh; Hyderabad: Rs.9.48 Lakh; Chennai: Rs.9.13 Lakh; Ahmedabad: Rs.8.70 Lakh; Lucknow: Rs.8.64 Lakh; Jaipur: Rs.9.28 Lakh; Patna: Rs.8.95 Lakh; Chandigarh: Rs.8.92 Lakh
Maruti,Maruti Suzuki Swift,Swift VXi Opt AMT,Rs.8.02 Lakh*Get On-Road Price,Z12E,1197 cc,80.46bhp@5700rpm,111.7Nm@4300rpm,3,4,N/A,5-Speed AMT,FWD,N/A,N/A,37 Litres,BS VI 2.0,MacPherson Strut suspension,Rear twist beam,Electric,Tilt,4.8 m,Ventilated Disc,Drum,3860 mm,1735 mm,1520 mm,265 Litres,5,163 mm,2450 mm,925 kg,1355 kg,5,Yes,Yes,Yes,Height only,No,No,Yes,No,Yes,Yes,N/A,Yes,N/A,No,No,Rear,Yes,Yes,Yes,Yes,Front,N/A,No,Yes,No,No,N/A,Front & Rear,Front Only,Yes,No,Yes,N/A,Yes,Yes,Yes,No,Yes,Yes,N/A,No,No,Micropole,N/A,Electronic,Powered,165/80 R14,Radial Tubeless,14 Inch,No,No,No,N/A,Yes,Yes,6,Yes,Yes,Yes,No,Yes,Yes,Yes,Yes,N/A,Yes,Yes,No,Yes,Driver's Window,Yes,Yes,Yes,Driver and Passenger,Yes,N/A,N/A,N/A,N/A,Yes,No,Yes,Yes,7 inch,Yes,Yes,Yes,Front & Rear,Yes,Yes,Yes,Yes,Yes,Yes,Yes,Yes,Yes,Yes,Bangalore: Rs.9.57 Lakh; Mumbai: Rs.9.33 Lakh; Pune: Rs.9.32 Lakh; Hyderabad: Rs.9.56 Lakh; Chennai: Rs.9.44 Lakh; Ahmedabad: Rs.9.01 Lakh; Lucknow: Rs.8.94 Lakh; Jaipur: Rs.9.59 Lakh; Patna: Rs.9.34 Lakh; Chandigarh: Rs.9.23 Lakh
Maruti,Maruti Suzuki Swift,Swift VXi CNG,Rs.8.20 Lakh*Get On-Road Price,Z12E,1197 cc,68.80bhp@5700rpm,101.8Nm@2900rpm,3,4,N/A,5-Speed,FWD,N/A,N/A,N/A,BS VI 2.0,MacPherson Strut suspension,Rear twist beam,Electric,Tilt,4.8 m,Ventilated Disc,Drum,3860 mm,1735 mm,1520 mm,N/A,5,163 mm,2450 mm,990 kg,1425 kg,5,Yes,Yes,Yes,Height only,No,No,Yes,No,Yes,Yes,N/A,Yes,N/A,No,No,Rear,No,Yes,No,Yes,Front,N/A,Yes,Yes,N/A,No,N/A,Front & Rear,Front Only,Yes,No,Yes,N/A,Yes,Yes,Yes,No,Yes,N/A,No,No,No,Micropole,N/A,Electronic,Powered,165/80 R14,Radial Tubeless,14 Inch,No,No,No,N/A,Yes,Yes,6,Yes,Yes,Yes,No,Yes,Yes,Yes,Yes,N/A,Yes,Yes,No,Yes,Driver's Window,Yes,Yes,Yes,Driver and Passenger,Yes,N/A,N/A,N/A,N/A,Yes,No,Yes,Yes,7 inch,Yes,Yes,Yes,Front & Rear,No,No,Yes,No,No,No,No,No,No,No,Bangalore: Rs.9.78 Lakh; Mumbai: Rs.9.20 Lakh; Pune: Rs.9.20 Lakh; Hyderabad: Rs.10.15 Lakh; Chennai: Rs.9.65 Lakh; Ahmedabad: Rs.9.12 Lakh; Lucknow: Rs.9.15 Lakh; Jaipur: Rs.9.81 Lakh; Patna: Rs.9.55 Lakh; Chandigarh: Rs.9.44 Lakh
Maruti,Maruti Suzuki Swift,Swift ZXi,Rs.8.29 Lakh*Get On-Road Price,Z12E,1197 cc,80.46bhp@5700rpm,111.7Nm@4300rpm,3,4,N/A,5-Speed,FWD,N/A,N/A,37 Litres,BS VI 2.0,MacPherson Strut suspension,Rear twist beam,Electric,Tilt,4.8 m,Ventilated Disc,Drum,3860 mm,1735 mm,1520 mm,265 Litres,5,163 mm,2450 mm,920 kg,1355 kg,5,Yes,Yes,Yes,Height only,Yes,Yes,Yes,Yes,Yes,Yes,Adjustable,Yes,N/A,Yes,No,Rear,Yes,Yes,Yes,Yes,Front & Rear,N/A,Yes,Yes,N/A,Yes,N/A,Front & Rear,Front Only,Yes,No,Yes,N/A,Yes,Yes,No,Yes,Yes,N/A,Yes,Yes,No,Micropole,N/A,Electronic,Powered,185/65 R15,Radial Tubeless,N/A,Yes,Yes,No,N/A,Yes,Yes,6,Yes,Yes,Yes,No,Yes,Yes,Yes,Yes,N/A,Yes,Yes,No,Yes,Driver's Window,Yes,Yes,Yes,Driver and Passenger,Yes,N/A,N/A,N/A,N/A,Yes,Yes,Yes,Yes,7 inch,Yes,Yes,Yes,Front & Rear,Yes,Yes,Yes,Yes,Yes,Yes,Yes,Yes,Yes,Yes,Bangalore: Rs.9.89 Lakh; Mumbai: Rs.9.64 Lakh; Pune: Rs.9.64 Lakh; Hyderabad: Rs.10.13 Lakh; Chennai: Rs.9.76 Lakh; Ahmedabad: Rs.9.30 Lakh; Lucknow: Rs.9.24 Lakh; Jaipur: Rs.9.92 Lakh; Patna: Rs.9.64 Lakh; Chandigarh: Rs.9.55 Lakh
Maruti,Maruti Suzuki Swift,Swift VXi Opt CNG,Rs.8.47 Lakh*Get On-Road Price,Z12E,1197 cc,68.80bhp@5700rpm,101.8Nm@2900rpm,3,4,N/A,5-Speed,FWD,N/A,N/A,N/A,BS VI 2.0,MacPherson Strut suspension,Rear twist beam,Electric,Tilt,4.8 m,Ventilated Disc,Drum,3860 mm,1735 mm,1520 mm,N/A,5,163 mm,2450 mm,990 kg,1425 kg,5,Yes,Yes,Yes,Height only,No,No,Yes,No,Yes,Yes,N/A,Yes,N/A,No,No,Rear,Yes,Yes,Yes,Yes,Front,N/A,Yes,Yes,N/A,No,N/A,Front & Rear,Front Only,Yes,No,Yes,N/A,Yes,Yes,Yes,No,Yes,N/A,No,No,No,Micropole,N/A,Electronic,Powered,165/80 R14,Radial Tubeless,14 Inch,No,No,No,N/A,Yes,Yes,6,Yes,Yes,Yes,No,Yes,Yes,Yes,Yes,N/A,Yes,Yes,No,Yes,Driver's Window,Yes,Yes,Yes,Driver and Passenger,Yes,N/A,N/A,4 Star,N/A,Yes,No,Yes,Yes,7 inch,Yes,Yes,Yes,Front & Rear,Yes,Yes,Yes,Yes,Yes,Yes,Yes,Yes,Yes,Yes,Bangalore: Rs.10.10 Lakh; Mumbai: Rs.9.50 Lakh; Pune: Rs.9.50 Lakh; Hyderabad: Rs.10.09 Lakh; Chennai: Rs.9.96 Lakh; Ahmedabad: Rs.9.50 Lakh; Lucknow: Rs.9.44 Lakh; Jaipur: Rs.10.13 Lakh; Patna: Rs.9.87 Lakh; Chandigarh: Rs.9.74 Lakh
Maruti,Maruti Suzuki Swift,Swift ZXi AMT,Rs.8.74 Lakh*Get On-Road Price,Z12E,1197 cc,80.46bhp@5700rpm,111.7Nm@4300rpm,3,4,N/A,5-Speed AMT,FWD,N/A,N/A,37 Litres,BS VI 2.0,MacPherson Strut suspension,Rear twist beam,Electric,Tilt,4.8 m,Ventilated Disc,Drum,3860 mm,1735 mm,1520 mm,265 Litres,5,163 mm,2450 mm,925 kg,1355 kg,5,Yes,Yes,Yes,Height only,Yes,Yes,Yes,Yes,Yes,Yes,Adjustable,Yes,N/A,Yes,No,Rear,Yes,Yes,Yes,Yes,Front & Rear,N/A,No,Yes,No,Yes,N/A,Front & Rear,Front Only,Yes,No,Yes,N/A,Yes,Yes,No,Yes,Yes,N/A,Yes,Yes,No,Micropole,N/A,Electronic,Powered,185/65 R15,Radial Tubeless,N/A,Yes,Yes,No,N/A,Yes,Yes,6,Yes,Yes,Yes,No,Yes,Yes,Yes,Yes,N/A,Yes,Yes,No,Yes,Driver's Window,Yes,Yes,Yes,Driver and Passenger,Yes,N/A,N/A,N/A,N/A,Yes,Yes,Yes,Yes,7 inch,Yes,Yes,Yes,Front & Rear,Yes,Yes,Yes,Yes,Yes,Yes,Yes,Yes,Yes,Yes,Bangalore: Rs.10.43 Lakh; Mumbai: Rs.10.16 Lakh; Pune: Rs.10.15 Lakh; Hyderabad: Rs.11.48 Lakh; Chennai: Rs.10.28 Lakh; Ahmedabad: Rs.9.79 Lakh; Lucknow: Rs.9.74 Lakh; Jaipur: Rs.10.45 Lakh; Patna: Rs.10.15 Lakh; Chandigarh: Rs.10.06 Lakh
Maruti,Maruti Suzuki Swift,Swift ZXi Plus,Rs.8.99 Lakh*Get On-Road Price,Z12E,1197 cc,80.46bhp@5700rpm,111.7Nm@4300rpm,3,4,N/A,5-Speed,FWD,N/A,N/A,37 Litres,BS VI 2.0,MacPherson Strut suspension,Rear twist beam,Electric,Tilt,4.8 m,Ventilated Disc,Drum,3860 mm,1735 mm,1520 mm,265 Litres,5,163 mm,2450 mm,920 kg,1355 kg,5,Yes,Yes,Yes,Height only,Yes,Yes,Yes,Yes,Yes,Yes,Adjustable,Yes,N/A,Yes,Yes,Rear,Yes,Yes,Yes,Yes,Front & Rear,N/A,Yes,Yes,N/A,Yes,N/A,Front & Rear,Front Only,Yes,Yes,Yes,N/A,Yes,Yes,No,Yes,Yes,N/A,Yes,Yes,Front,Micropole,N/A,Electronic,Powered & Folding,185/65 R15,Radial Tubeless,N/A,Yes,Yes,Yes,N/A,Yes,Yes,6,Yes,Yes,Yes,No,Yes,Yes,Yes,Yes,N/A,Yes,Yes,With Guidedlines,Yes,Driver's Window,Yes,Yes,Yes,Driver and Passenger,Yes,N/A,N/A,N/A,N/A,Yes,Yes,Yes,Yes,9 inch,Yes,Yes,Yes,Front & Rear,Yes,Yes,Yes,Yes,Yes,Yes,Yes,Yes,Yes,Yes,Bangalore: Rs.10.71 Lakh; Mumbai: Rs.10.44 Lakh; Pune: Rs.10.44 Lakh; Hyderabad: Rs.10.97 Lakh; Chennai: Rs.10.57 Lakh; Ahmedabad: Rs.10.07 Lakh; Lucknow: Rs.10.01 Lakh; Jaipur: Rs.10.74 Lakh; Patna: Rs.10.44 Lakh; Chandigarh: Rs.10.34 Lakh
Maruti,Maruti Suzuki Swift,Swift ZXi Plus DT,Rs.9.14 Lakh*Get On-Road Price,Z12E,1197 cc,80.46bhp@5700rpm,111.7Nm@4300rpm,3,4,N/A,5-Speed,FWD,N/A,N/A,37 Litres,BS VI 2.0,MacPherson Strut suspension,Rear twist beam,Electric,Tilt,4.8 m,Ventilated Disc,Drum,3860 mm,1735 mm,1520 mm,265 Litres,5,163 mm,2450 mm,920 kg,1355 kg,5,Yes,Yes,Yes,Height only,Yes,Yes,Yes,Yes,Yes,Yes,Adjustable,Yes,N/A,Yes,Yes,Rear,Yes,Yes,Yes,N/A,Front & Rear,N/A,Yes,Yes,N/A,Yes,N/A,Front & Rear,Front Only,Yes,Yes,Yes,N/A,Yes,Yes,No,Yes,Yes,N/A,Yes,Yes,Front,Micropole,N/A,Electronic,Powered & Folding,185/65 R15,Radial Tubeless,N/A,Yes,Yes,Yes,N/A,Yes,Yes,6,Yes,Yes,Yes,No,Yes,Yes,Yes,Yes,N/A,Yes,Yes,With Guidedlines,Yes,Driver's Window,Yes,Yes,Yes,Driver and Passenger,Yes,N/A,N/A,N/A,N/A,Yes,Yes,Yes,Yes,9 inch,Yes,Yes,Yes,Front & Rear,Yes,Yes,Yes,Yes,Yes,Yes,Yes,Yes,Yes,Yes,Bangalore: Rs.10.90 Lakh; Mumbai: Rs.10.61 Lakh; Pune: Rs.10.61 Lakh; Hyderabad: Rs.11.15 Lakh; Chennai: Rs.10.74 Lakh; Ahmedabad: Rs.10.23 Lakh; Lucknow: Rs.10.17 Lakh; Jaipur: Rs.10.92 Lakh; Patna: Rs.10.61 Lakh; Chandigarh: Rs.10.51 Lakh
Maruti,Maruti Suzuki Swift,Swift ZXi CNG,Rs.9.20 Lakh*Get On-Road Price,Z12E,1197 cc,68.80bhp@5700rpm,101.8Nm@2900rpm,3,4,N/A,5-Speed,FWD,N/A,N/A,N/A,BS VI 2.0,MacPherson Strut suspension,Rear twist beam,Electric,Tilt,4.8 m,Ventilated Disc,Drum,3860 mm,1735 mm,1520 mm,N/A,5,163 mm,2450 mm,990 kg,1425 kg,5,Yes,Yes,Yes,Height only,Yes,Yes,Yes,Yes,Yes,Yes,Adjustable,Yes,N/A,Yes,No,Rear,Yes,Yes,Yes,Yes,Front & Rear,N/A,Yes,N/A,N/A,Yes,N/A,Front & Rear,Front Only,Yes,No,Yes,N/A,Yes,Yes,No,Yes,Yes,N/A,Yes,Yes,No,Micropole,N/A,Electronic,Powered,185/65 R15,Radial Tubeless,N/A,Yes,Yes,No,N/A,Yes,Yes,6,Yes,Yes,Yes,No,Yes,Yes,Yes,Yes,N/A,Yes,Yes,No,Yes,Driver's Window,Yes,Yes,Yes,Driver and Passenger,Yes,N/A,N/A,N/A,N/A,Yes,Yes,Yes,Yes,7 inch,Yes,Yes,Yes,Front & Rear,Yes,Yes,Yes,Yes,Yes,Yes,Yes,Yes,Yes,Yes,Bangalore: Rs.10.97 Lakh; Mumbai: Rs.10.30 Lakh; Pune: Rs.10.30 Lakh; Hyderabad: Rs.11.37 Lakh; Chennai: Rs.10.80 Lakh; Ahmedabad: Rs.10.30 Lakh; Lucknow: Rs.10.25 Lakh; Jaipur: Rs.10.98 Lakh; Patna: Rs.10.70 Lakh; Chandigarh: Rs.10.57 Lakh
Maruti,Maruti Suzuki Swift,Swift ZXi Plus AMT,Rs.9.45 Lakh*Get On-Road Price,Z12E,1197 cc,80.46bhp@5700rpm,111.7Nm@4300rpm,3,4,N/A,5-Speed AMT,FWD,N/A,N/A,37 Litres,BS VI 2.0,MacPherson Strut suspension,Rear twist beam,Electric,Tilt,4.8 m,Ventilated Disc,Drum,3860 mm,1735 mm,1520 mm,265 Litres,5,163 mm,2450 mm,925 kg,1355 kg,5,Yes,Yes,Yes,Height only,Yes,Yes,Yes,Yes,Yes,Yes,Adjustable,Yes,N/A,Yes,Yes,Rear,Yes,Yes,Yes,Yes,Front & Rear,N/A,No,Yes,N/A,Yes,N/A,Front & Rear,Front Only,Yes,Yes,Yes,N/A,Yes,Yes,No,Yes,Yes,N/A,Yes,Yes,Front,Micropole,N/A,Electronic,Powered & Folding,185/65 R15,Radial Tubeless,N/A,Yes,Yes,Yes,N/A,Yes,Yes,6,Yes,Yes,Yes,No,Yes,Yes,Yes,Yes,N/A,Yes,Yes,With Guidedlines,Yes,Driver's Window,Yes,Yes,Yes,Driver and Passenger,Yes,N/A,N/A,N/A,N/A,Yes,Yes,Yes,Yes,9 inch,Yes,Yes,Yes,Front & Rear,Yes,Yes,Yes,Yes,Yes,Yes,Yes,Yes,Yes,Yes,Bangalore: Rs.11.25 Lakh; Mumbai: Rs.10.96 Lakh; Pune: Rs.10.95 Lakh; Hyderabad: Rs.11.24 Lakh; Chennai: Rs.11.09 Lakh; Ahmedabad: Rs.10.56 Lakh; Lucknow: Rs.10.50 Lakh; Jaipur: Rs.11.27 Lakh; Patna: Rs.10.95 Lakh; Chandigarh: Rs.10.85 Lakh
Maruti,Maruti Suzuki Swift,Swift ZXi Plus AMT DT,Rs.9.59 Lakh*Get On-Road Price,Z12E,1197 cc,80.46bhp@5700rpm,111.7Nm@4300rpm,3,4,N/A,5-Speed AMT,FWD,N/A,N/A,37 Litres,BS VI 2.0,MacPherson Strut suspension,Rear twist beam,Electric,Tilt,4.8 m,Ventilated Disc,Drum,3860 mm,1735 mm,1520 mm,265 Litres,5,163 mm,2450 mm,925 kg,1355 kg,5,Yes,Yes,Yes,Height only,Yes,Yes,Yes,Yes,Yes,Yes,Adjustable,Yes,N/A,Yes,Yes,Rear,Yes,Yes,Yes,Yes,Front & Rear,N/A,No,Yes,N/A,Yes,N/A,Front & Rear,Front Only,Yes,Yes,Yes,N/A,Yes,Yes,No,Yes,Yes,N/A,Yes,Yes,Front,Micropole,N/A,Electronic,Powered & Folding,185/65 R15,Radial Tubeless,N/A,Yes,Yes,Yes,N/A,Yes,Yes,6,Yes,Yes,Yes,No,Yes,Yes,Yes,Yes,N/A,Yes,Yes,With Guidedlines,Yes,Driver's Window,Yes,Yes,Yes,Driver and Passenger,Yes,N/A,N/A,N/A,N/A,Yes,Yes,Yes,Yes,9 inch,Yes,Yes,Yes,Front & Rear,Yes,Yes,Yes,Yes,Yes,Yes,Yes,Yes,Yes,Yes,Bangalore: Rs.11.43 Lakh; Mumbai: Rs.11.13 Lakh; Pune: Rs.11.12 Lakh; Hyderabad: Rs.11.66 Lakh; Chennai: Rs.11.26 Lakh; Ahmedabad: Rs.10.72 Lakh; Lucknow: Rs.10.67 Lakh; Jaipur: Rs.10.92 Lakh; Patna: Rs.11.12 Lakh; Chandigarh: Rs.11.03 Lakh
Maruti,Maruti Suzuki Ertiga,Ertiga Lxi (O),Rs.8.69 Lakh*Get On-Road Price,K15C Smart Hybrid,1462 cc,101.64bhp@6000rpm,136.8Nm@4400rpm,4,4,N/A,5-Speed,FWD,N/A,N/A,45 Litres,BS VI 2.0,MacPherson Strut suspension,Rear twist beam,Power,Tilt,5.2 m,Disc,Drum,4395 mm,1735 mm,1690 mm,209 Litres,7,N/A,2380 mm,1150-1205 kg,1760 kg,5,Yes,Yes,Yes,Yes,Yes,No,Yes,N/A,No,Yes,Yes,Yes,No,No,No,Rear,N/A,No,No,N/A,N/A,N/A,Yes,N/A,Yes,No,N/A,N/A,N/A,Yes,No,Yes,N/A,N/A,No,Yes,No,No,Yes,Yes,No,No,N/A,N/A,Manual,N/A,185/65 R15,"Tubeless, Radial",15 Inch,N/A,N/A,N/A,N/A,Yes,Yes,2,Yes,Yes,No,No,No,N/A,Yes,Yes,N/A,Yes,Yes,No,No,N/A,Yes,Yes,Yes,Driver and Passenger,Yes,N/A,N/A,N/A,N/A,No,N/A,No,No,N/A,No,No,No,No,N/A,No,N/A,No,N/A,No,No,No,No,No,Bangalore: Rs.10.34 Lakh; Mumbai: Rs.10.11 Lakh; Pune: Rs.10.08 Lakh; Hyderabad: Rs.10.69 Lakh; Chennai: Rs.10.24 Lakh; Ahmedabad: Rs.9.68 Lakh; Lucknow: Rs.9.70 Lakh; Jaipur: Rs.10.32 Lakh; Patna: Rs.10.12 Lakh; Chandigarh: Rs.10 Lakh
Maruti,Maruti Suzuki Ertiga,Ertiga VXi (O),Rs.9.83 Lakh*Get On-Road Price,K15C Smart Hybrid,1462 cc,101.64bhp@6000rpm,136.8Nm@4400rpm,4,4,N/A,5-Speed,FWD,N/A,N/A,45 Litres,BS VI 2.0,MacPherson Strut suspension,Rear twist beam,Power,Tilt,5.2 m,Disc,Drum,4395 mm,1735 mm,1690 mm,209 Litres,7,N/A,2380 mm,1150-1205 kg,1760 kg,5,Yes,Yes,Yes,Yes,Yes,No,Yes,N/A,Yes,Yes,Yes,Yes,Yes,Yes,No,Rear,N/A,Yes,No,N/A,N/A,N/A,Yes,N/A,Yes,No,N/A,N/A,N/A,Yes,No,Yes,N/A,N/A,No,Yes,No,Yes,Yes,Yes,No,No,N/A,N/A,Manual,N/A,185/65 R15,"Tubeless, Radial",15 Inch,N/A,N/A,N/A,N/A,Yes,Yes,2,Yes,Yes,No,No,Yes,N/A,Yes,Yes,N/A,Yes,Yes,No,Yes,Driver,Yes,Yes,Yes,Driver and Passenger,Yes,N/A,N/A,N/A,N/A,Yes,N/A,Yes,No,N/A,No,No,Yes,Front & Rear,N/A,No,N/A,No,N/A,No,No,No,No,No,Bangalore: Rs.11.68 Lakh; Mumbai: Rs.11.40 Lakh; Pune: Rs.11.38 Lakh; Hyderabad: Rs.12.07 Lakh; Chennai: Rs.11.56 Lakh; Ahmedabad: Rs.10.92 Lakh; Lucknow: Rs.10.95 Lakh; Jaipur: Rs.11.65 Lakh; Patna: Rs.11.42 Lakh; Chandigarh: Rs.11.29 Lakh
Maruti,Maruti Suzuki Ertiga,Ertiga VXi (O) CNG,Rs.10.78 Lakh*Get On-Road Price,K15C,1462 cc,86.63bhp@5500rpm,121.5Nm@4200rpm,4,4,N/A,5-Speed,FWD,N/A,N/A,N/A,BS VI 2.0,MacPherson Strut suspension,Rear twist beam,Power,Tilt,5.2 m,Disc,Drum,4395 mm,1735 mm,1690 mm,N/A,7,N/A,3000 mm,1250-1255 kg,1820 kg,5,Yes,Yes,Yes,Yes,Yes,No,Yes,N/A,Yes,Yes,Yes,Yes,Yes,Yes,No,Rear,N/A,Yes,No,N/A,N/A,N/A,Yes,N/A,No,No,N/A,N/A,N/A,Yes,No,Yes,N/A,N/A,No,Yes,No,Yes,Yes,Yes,No,No,N/A,N/A,Manual,N/A,185/65 R15,"Tubeless, Radial",15 Inch,N/A,N/A,N/A,N/A,Yes,Yes,2,Yes,Yes,No,No,Yes,N/A,Yes,Yes,N/A,Yes,Yes,No,Yes,Driver,Yes,Yes,Yes,Driver and Passenger,Yes,N/A,N/A,N/A,N/A,Yes,N/A,Yes,No,N/A,No,No,Yes,Front & Rear,N/A,No,N/A,No,N/A,No,No,No,No,No,Bangalore: Rs.13.28 Lakh; Mumbai: Rs.12.28 Lakh; Pune: Rs.12.25 Lakh; Hyderabad: Rs.13.65 Lakh; Chennai: Rs.13.30 Lakh; Ahmedabad: Rs.12.06 Lakh; Lucknow: Rs.12.32 Lakh; Jaipur: Rs.12.87 Lakh; Patna: Rs.12.62 Lakh; Chandigarh: Rs.12.48 Lakh
Maruti,Maruti Suzuki Ertiga,Ertiga Zxi (O),Rs.10.93 Lakh*Get On-Road Price,K15C Smart Hybrid,1462 cc,101.64bhp@6000rpm,136.8Nm@4400rpm,4,4,N/A,5-Speed,FWD,N/A,N/A,45 Litres,BS VI 2.0,MacPherson Strut suspension,Rear twist beam,Power,Tilt,5.2 m,Disc,Drum,4395 mm,1735 mm,1690 mm,209 Litres,7,N/A,2380 mm,1150-1205 kg,1760 kg,5,Yes,Yes,Yes,Yes,Yes,Yes,Yes,N/A,Yes,Yes,Yes,Yes,Yes,Yes,No,Rear,N/A,Yes,Yes,N/A,N/A,N/A,Yes,N/A,Yes,No,N/A,N/A,N/A,Yes,No,Yes,N/A,N/A,Yes,No,Yes,Yes,Yes,Yes,No,Front,N/A,N/A,Manual,N/A,185/65 R15,"Tubeless, Radial",N/A,N/A,N/A,N/A,N/A,Yes,Yes,2,Yes,Yes,No,No,Yes,N/A,Yes,Yes,N/A,Yes,Yes,No,Yes,Driver,Yes,Yes,Yes,Driver and Passenger,Yes,N/A,N/A,N/A,N/A,Yes,N/A,Yes,Yes,7 Inch,Yes,Yes,Yes,Front & Rear,N/A,Yes,N/A,Yes,N/A,Yes,Yes,Yes,Yes,Yes,Bangalore: Rs.13.46 Lakh; Mumbai: Rs.12.88 Lakh; Pune: Rs.12.85 Lakh; Hyderabad: Rs.13.83 Lakh; Chennai: Rs.13.48 Lakh; Ahmedabad: Rs.12.23 Lakh; Lucknow: Rs.12.48 Lakh; Jaipur: Rs.13.04 Lakh; Patna: Rs.12.78 Lakh; Chandigarh: Rs.12.65 Lakh
Maruti,Maruti Suzuki Ertiga,Ertiga VXI AT,Rs.11.23 Lakh*Get On-Road Price,K15C Smart Hybrid,1462 cc,101.64bhp@6000rpm,136.8Nm@4400rpm,4,4,N/A,6-Speed,FWD,N/A,N/A,45 Litres,BS VI 2.0,MacPherson Strut suspension,Rear twist beam,Power,Tilt,5.2 m,Disc,Drum,4395 mm,1735 mm,1690 mm,209 Litres,7,N/A,2380 mm,1150-1205 kg,1785 kg,5,Yes,Yes,Yes,Yes,Yes,No,Yes,N/A,Yes,Yes,Yes,Yes,Yes,Yes,No,Rear,N/A,Yes,No,N/A,N/A,N/A,No,N/A,Yes,No,N/A,N/A,N/A,Yes,No,Yes,N/A,N/A,No,Yes,No,Yes,Yes,Yes,No,No,N/A,N/A,Manual,N/A,185/65 R15,"Tubeless, Radial",15 Inch,N/A,N/A,N/A,N/A,Yes,Yes,2,Yes,Yes,No,No,Yes,N/A,Yes,Yes,N/A,Yes,Yes,No,Yes,Driver,Yes,Yes,Yes,Driver and Passenger,Yes,N/A,N/A,N/A,N/A,Yes,N/A,Yes,No,N/A,No,No,Yes,Front & Rear,N/A,No,N/A,No,N/A,No,No,No,No,No,Bangalore: Rs.13.83 Lakh; Mumbai: Rs.13.23 Lakh; Pune: Rs.13.20 Lakh; Hyderabad: Rs.14.21 Lakh; Chennai: Rs.13.85 Lakh; Ahmedabad: Rs.12.56 Lakh; Lucknow: Rs.12.82 Lakh; Jaipur: Rs.13.40 Lakh; Patna: Rs.13.13 Lakh; Chandigarh: Rs.12.99 Lakh
Maruti,Maruti Suzuki Ertiga,Ertiga ZXI Plus,Rs.11.63 Lakh*Get On-Road Price,K15C Smart Hybrid`,1462 cc,101.64bhp@6000rpm,136.8Nm@4400rpm,4,4,N/A,5-Speed,FWD,N/A,N/A,45 Litres,BS VI 2.0,MacPherson Strut suspension,Rear twist beam,Power,Tilt,5.2 m,Disc,Drum,4395 mm,1735 mm,1690 mm,209 Litres,7,N/A,2380 mm,1150-1205 kg,1760 kg,5,Yes,Yes,Yes,Yes,Yes,Yes,Yes,N/A,Yes,Yes,Yes,Yes,Yes,Yes,Yes,Rear,N/A,Yes,Yes,N/A,N/A,N/A,Yes,N/A,Yes,Yes,N/A,N/A,N/A,Yes,Yes,Yes,N/A,N/A,Yes,No,Yes,Yes,Yes,Yes,Yes,Front,N/A,N/A,Manual,N/A,185/65 R15,"Tubeless, Radial",N/A,N/A,N/A,N/A,N/A,Yes,Yes,4,Yes,Yes,Yes,No,Yes,N/A,Yes,Yes,N/A,Yes,Yes,With Guidedlines,Yes,Driver,Yes,Yes,Yes,Driver and Passenger,Yes,N/A,N/A,N/A,N/A,Yes,N/A,Yes,Yes,7 Inch,Yes,Yes,Yes,Front & Rear,N/A,Yes,N/A,Yes,N/A,Yes,Yes,Yes,Yes,Yes,Bangalore: Rs.14.31 Lakh; Mumbai: Rs.13.69 Lakh; Pune: Rs.13.66 Lakh; Hyderabad: Rs.14.70 Lakh; Chennai: Rs.14.33 Lakh; Ahmedabad: Rs.13.02 Lakh; Lucknow: Rs.13.27 Lakh; Jaipur: Rs.13.87 Lakh; Patna: Rs.13.58 Lakh; Chandigarh: Rs.13.45 Lakh
Maruti,Maruti Suzuki Ertiga,Ertiga ZXI (O) CNG,Rs.11.88 Lakh*Get On-Road Price,K15C,1462 cc,86.63bhp@5500rpm,121.5Nm@4200rpm,4,4,N/A,5-Speed,FWD,N/A,N/A,N/A,BS VI 2.0,MacPherson Strut suspension,Rear twist beam,Power,Tilt,5.2 m,Disc,Drum,4395 mm,1735 mm,1690 mm,N/A,7,N/A,2650 mm,1250-1255 kg,1820 kg,5,Yes,Yes,Yes,Yes,Yes,Yes,Yes,N/A,Yes,Yes,Yes,Yes,Yes,Yes,No,Rear,N/A,Yes,Yes,N/A,N/A,N/A,Yes,N/A,No,No,N/A,N/A,N/A,Yes,No,Yes,N/A,N/A,Yes,No,Yes,Yes,Yes,Yes,No,Front,N/A,N/A,Manual,N/A,185/65 R15,"Tubeless, Radial",N/A,N/A,N/A,N/A,N/A,Yes,Yes,2,Yes,Yes,No,No,Yes,N/A,Yes,Yes,N/A,Yes,Yes,No,Yes,Driver,Yes,Yes,Yes,Driver and Passenger,Yes,N/A,N/A,N/A,N/A,Yes,N/A,Yes,Yes,7 Inch,Yes,Yes,Yes,Front & Rear,N/A,Yes,N/A,Yes,N/A,Yes,Yes,Yes,Yes,Yes,Bangalore: Rs.14.63 Lakh; Mumbai: Rs.13.51 Lakh; Pune: Rs.13.48 Lakh; Hyderabad: Rs.15.03 Lakh; Chennai: Rs.14.64 Lakh; Ahmedabad: Rs.13.31 Lakh; Lucknow: Rs.13.56 Lakh; Jaipur: Rs.14.16 Lakh; Patna: Rs.13.88 Lakh; Chandigarh: Rs.13.74 Lakh
Maruti,Maruti Suzuki Ertiga,Ertiga ZXI AT,Rs.12.33 Lakh*Get On-Road Price,K15C Smart Hybrid,1462 cc,101.64bhp@6000rpm,136.8Nm@4400rpm,4,4,N/A,6-Speed,FWD,N/A,N/A,45 Litres,BS VI 2.0,MacPherson Strut suspension,Rear twist beam,Power,Tilt,5.2 m,Disc,Drum,4395 mm,1735 mm,1690 mm,209 Litres,7,N/A,2380 mm,1150-1205 kg,1785 kg,5,Yes,Yes,Yes,Yes,Yes,Yes,Yes,N/A,Yes,Yes,Yes,Yes,Yes,Yes,No,Rear,N/A,Yes,Yes,N/A,N/A,N/A,No,N/A,Yes,No,N/A,N/A,N/A,Yes,No,Yes,N/A,N/A,Yes,No,Yes,Yes,Yes,Yes,No,Front,N/A,N/A,Manual,N/A,185/65 R15,"Tubeless, Radial",N/A,N/A,N/A,N/A,N/A,Yes,Yes,2,Yes,Yes,No,No,Yes,N/A,Yes,Yes,N/A,Yes,Yes,No,Yes,Driver,Yes,Yes,Yes,Driver and Passenger,Yes,N/A,N/A,3 Star,3 Star,Yes,N/A,Yes,Yes,7 Inch,Yes,Yes,Yes,Front & Rear,N/A,Yes,N/A,Yes,N/A,Yes,Yes,Yes,Yes,Yes,Bangalore: Rs.15.16 Lakh; Mumbai: Rs.14.50 Lakh; Pune: Rs.14.47 Lakh; Hyderabad: Rs.15.58 Lakh; Chennai: Rs.15.19 Lakh; Ahmedabad: Rs.13.79 Lakh; Lucknow: Rs.14.06 Lakh; Jaipur: Rs.14.69 Lakh; Patna: Rs.14.39 Lakh; Chandigarh: Rs.14.25 Lakh
Maruti,Maruti Suzuki Ertiga,Ertiga ZXI Plus AT,Rs.13.03 Lakh*Get On-Road Price,K15C Smart Hybrid,1462 cc,101.64bhp@6000rpm,136.8Nm@4400rpm,4,4,N/A,6-Speed,FWD,N/A,N/A,45 Litres,BS VI 2.0,MacPherson Strut suspension,Rear twist beam,Power,Tilt,5.2 m,Disc,Drum,4395 mm,1735 mm,1690 mm,209 Litres,7,N/A,2380 mm,1150-1205 kg,1785 kg,5,Yes,Yes,Yes,Yes,Yes,Yes,Yes,N/A,Yes,Yes,Yes,Yes,Yes,Yes,Yes,Rear,N/A,Yes,Yes,N/A,N/A,N/A,No,N/A,Yes,Yes,N/A,N/A,N/A,Yes,Yes,Yes,N/A,N/A,Yes,No,Yes,Yes,Yes,Yes,Yes,Front,N/A,N/A,Manual,N/A,185/65 R15,"Tubeless, Radial",N/A,N/A,N/A,N/A,N/A,Yes,Yes,4,Yes,Yes,Yes,No,Yes,N/A,Yes,Yes,N/A,Yes,Yes,With Guidedlines,Yes,Driver,Yes,Yes,Yes,Driver and Passenger,Yes,N/A,N/A,N/A,N/A,Yes,N/A,Yes,Yes,7 Inch,Yes,Yes,Yes,Front & Rear,N/A,Yes,N/A,Yes,N/A,Yes,Yes,Yes,Yes,Yes,Bangalore: Rs.15.99 Lakh; Mumbai: Rs.15.31 Lakh; Pune: Rs.15.28 Lakh; Hyderabad: Rs.16.45 Lakh; Chennai: Rs.16.04 Lakh; Ahmedabad: Rs.14.56 Lakh; Lucknow: Rs.14.85 Lakh; Jaipur: Rs.15.52 Lakh; Patna: Rs.15.19 Lakh; Chandigarh: Rs.15.06 Lakh
Maruti,Maruti Suzuki Brezza,Brezza Lxi,Rs.8.34 Lakh*Get On-Road Price,K15C,1462 cc,101.64bhp@6000rpm,136.8Nm@4400rpm,4,4,N/A,5-Speed,FWD,N/A,N/A,48 Litres,BS VI 2.0,MacPherson Strut suspension,Rear twist beam,Electric,Tilt,N/A,Ventilated Disc,Drum,3995 mm,1790 mm,1685 mm,328 Litres,5,198 mm,2500 mm,N/A,N/A,5,Yes,Yes,Yes,Yes,No,No,Yes,No,No,Yes,N/A,No,No,Yes,No,Rear,N/A,Yes,No,N/A,No,N/A,Yes,Yes,No,No,N/A,Front & Rear,Front Only,Yes,No,Yes,N/A,N/A,No,Yes,No,N/A,Yes,Yes,No,No,Shark Fin,No,Manual,Powered,215/60 R16,"Tubeless, Radial",16 Inch,No,No,No,N/A,Yes,Yes,2,Yes,Yes,No,No,Yes,No,Yes,Yes,N/A,Yes,Yes,No,Yes,N/A,Yes,Yes,Yes,Driver and Passenger,Yes,Yes,No,N/A,N/A,No,No,No,No,N/A,No,No,No,No,N/A,N/A,No,No,No,No,No,No,No,No,Bangalore: Rs.9.93 Lakh; Mumbai: Rs.9.71 Lakh; Pune: Rs.9.66 Lakh; Hyderabad: Rs.10.23 Lakh; Chennai: Rs.9.83 Lakh; Ahmedabad: Rs.9.28 Lakh; Lucknow: Rs.9.31 Lakh; Jaipur: Rs.9.95 Lakh; Patna: Rs.9.72 Lakh; Chandigarh: Rs.9.60 Lakh
Maruti,Maruti Suzuki Brezza,Brezza Lxi CNG,Rs.9.29 Lakh*Get On-Road Price,K15C,1462 cc,86.63bhp@5500rpm,121.5Nm@4200rpm,4,4,N/A,5-Speed,FWD,N/A,N/A,N/A,BS VI 2.0,MacPherson Strut suspension,Rear twist beam,Electric,Tilt,N/A,Ventilated Disc,Drum,3995 mm,1790 mm,1685 mm,N/A,5,198 mm,2500 mm,N/A,N/A,5,Yes,Yes,Yes,Yes,No,No,Yes,No,No,Yes,N/A,No,No,Yes,No,Rear,N/A,Yes,No,N/A,No,N/A,Yes,Yes,No,No,N/A,Front & Rear,Front Only,Yes,No,Yes,N/A,N/A,No,Yes,No,N/A,Yes,Yes,No,No,Shark Fin,No,Manual,Powered,215/60 R16,"Tubeless, Radial",16 Inch,No,No,No,N/A,Yes,Yes,2,Yes,Yes,No,No,Yes,No,Yes,Yes,N/A,Yes,No,No,Yes,Driver,Yes,Yes,Yes,Driver and Passenger,No,Yes,No,N/A,N/A,No,No,No,No,N/A,No,No,No,No,N/A,N/A,No,No,No,No,No,No,No,No,Bangalore: Rs.11.05 Lakh; Mumbai: Rs.10.42 Lakh; Pune: Rs.10.37 Lakh; Hyderabad: Rs.11.38 Lakh; Chennai: Rs.10.93 Lakh; Ahmedabad: Rs.10.30 Lakh; Lucknow: Rs.10.35 Lakh; Jaipur: Rs.11.07 Lakh; Patna: Rs.10.81 Lakh; Chandigarh: Rs.10.68 Lakh
Maruti,Maruti Suzuki Brezza,Brezza Vxi,Rs.9.70 Lakh*Get On-Road Price,K15C,1462 cc,101.64bhp@6000rpm,136.8Nm@4400rpm,4,4,N/A,5-Speed,FWD,N/A,N/A,48 Litres,BS VI 2.0,MacPherson Strut suspension,Rear twist beam,Electric,Tilt,N/A,Ventilated Disc,Drum,3995 mm,1790 mm,1685 mm,328 Litres,5,198 mm,2500 mm,N/A,N/A,5,Yes,Yes,Yes,Yes,Yes,Yes,Yes,No,No,Yes,N/A,Yes,No,Yes,No,Rear,N/A,Yes,No,N/A,Front,N/A,Yes,Yes,No,No,N/A,Front & Rear,Front Only,Yes,No,Yes,N/A,N/A,Yes,Yes,No,N/A,Yes,Yes,No,No,Shark Fin,No,Manual,Powered,215/60 R16,"Tubeless, Radial",16 Inch,No,No,No,N/A,Yes,Yes,2,Yes,Yes,No,No,Yes,No,Yes,Yes,N/A,Yes,Yes,No,Yes,Driver,Yes,Yes,Yes,Driver and Passenger,Yes,Yes,No,4 Star,N/A,Yes,No,Yes,Yes,7 Inch,Yes,Yes,Yes,Front & Rear,N/A,N/A,No,No,No,No,No,No,No,No,Bangalore: Rs.11.52 Lakh; Mumbai: Rs.11.25 Lakh; Pune: Rs.11.20 Lakh; Hyderabad: Rs.11.86 Lakh; Chennai: Rs.11.40 Lakh; Ahmedabad: Rs.10.76 Lakh; Lucknow: Rs.10.79 Lakh; Jaipur: Rs.11.54 Lakh; Patna: Rs.11.26 Lakh; Chandigarh: Rs.11.14 Lakh
Maruti,Maruti Suzuki Brezza,Brezza Vxi CNG,Rs.10.64 Lakh*Get On-Road Price,K15C,1462 cc,86.63bhp@5500rpm,121.5Nm@4200rpm,4,4,N/A,5-Speed,FWD,N/A,N/A,N/A,BS VI 2.0,MacPherson Strut suspension,Rear twist beam,Electric,Tilt,N/A,Ventilated Disc,Drum,3995 mm,1790 mm,1685 mm,N/A,5,198 mm,2500 mm,N/A,N/A,5,Yes,Yes,Yes,Yes,Yes,Yes,Yes,No,No,Yes,N/A,Yes,No,Yes,No,Rear,N/A,Yes,No,N/A,Front,N/A,Yes,Yes,No,No,N/A,Front & Rear,Front Only,Yes,No,Yes,N/A,N/A,Yes,Yes,No,N/A,Yes,Yes,No,No,Shark Fin,No,Manual,Powered,215/60 R16,"Tubeless, Radial",16 Inch,No,No,No,N/A,Yes,Yes,2,Yes,Yes,No,No,Yes,No,Yes,Yes,N/A,Yes,No,No,Yes,Driver,Yes,Yes,Yes,Driver and Passenger,No,Yes,No,N/A,N/A,Yes,No,Yes,Yes,7 Inch,Yes,Yes,Yes,Front & Rear,N/A,N/A,No,No,No,No,No,No,No,No,Bangalore: Rs.13.12 Lakh; Mumbai: Rs.12.12 Lakh; Pune: Rs.12.07 Lakh; Hyderabad: Rs.13.43 Lakh; Chennai: Rs.13.13 Lakh; Ahmedabad: Rs.11.88 Lakh; Lucknow: Rs.12.16 Lakh; Jaipur: Rs.12.76 Lakh; Patna: Rs.12.46 Lakh; Chandigarh: Rs.12.32 Lakh
Maruti,Maruti Suzuki Brezza,Brezza Vxi AT,Rs.11.10 Lakh*Get On-Road Price,K15C,1462 cc,101.64bhp@6000rpm,136.8Nm@4400rpm,4,4,N/A,6-Speed,FWD,N/A,N/A,48 Litres,BS VI 2.0,MacPherson Strut suspension,Rear twist beam,Electric,Tilt,N/A,Ventilated Disc,Drum,3995 mm,1790 mm,1685 mm,328 Litres,5,198 mm,2500 mm,N/A,N/A,5,Yes,Yes,Yes,Yes,Yes,Yes,Yes,No,No,Yes,N/A,Yes,No,Yes,No,Rear,N/A,Yes,No,N/A,Front,N/A,No,Yes,Yes,No,N/A,Front & Rear,Front Only,Yes,No,Yes,N/A,N/A,Yes,Yes,No,N/A,Yes,Yes,No,No,Shark Fin,No,Manual,Powered,215/60 R16,"Tubeless, Radial",16 Inch,No,No,No,N/A,Yes,Yes,2,Yes,Yes,No,No,Yes,No,Yes,Yes,N/A,Yes,Yes,No,Yes,Driver,Yes,Yes,Yes,Driver and Passenger,Yes,Yes,No,N/A,N/A,Yes,No,Yes,Yes,7 Inch,Yes,Yes,Yes,Front & Rear,N/A,N/A,No,No,No,No,No,No,No,No,Bangalore: Rs.13.67 Lakh; Mumbai: Rs.13.07 Lakh; Pune: Rs.13.02 Lakh; Hyderabad: Rs.13.99 Lakh; Chennai: Rs.13.68 Lakh; Ahmedabad: Rs.12.40 Lakh; Lucknow: Rs.12.66 Lakh; Jaipur: Rs.13.30 Lakh; Patna: Rs.12.96 Lakh; Chandigarh: Rs.12.84 Lakh
Maruti,Maruti Suzuki Brezza,Brezza Zxi,Rs.11.14 Lakh*Get On-Road Price,K15C,1462 cc,101.64bhp@6000rpm,136.8Nm@4400rpm,4,4,N/A,5-Speed,FWD,N/A,N/A,48 Litres,BS VI 2.0,MacPherson Strut suspension,Rear twist beam,Electric,Tilt & Telescopic,N/A,Ventilated Disc,Drum,3995 mm,1790 mm,1685 mm,328 Litres,5,198 mm,2500 mm,N/A,N/A,5,Yes,Yes,Yes,Yes,Yes,Yes,Yes,Yes,Yes,Yes,N/A,Yes,Yes,Yes,Yes,Rear,N/A,Yes,Yes,N/A,Front,N/A,Yes,Yes,No,No,N/A,Front & Rear,Front & Rear,Yes,No,Yes,N/A,N/A,Yes,No,Yes,N/A,Yes,Yes,No,No,Shark Fin,Single Pane,Manual,Powered,215/60 R16,"Tubeless, Radial",N/A,Yes,Yes,No,N/A,Yes,Yes,2,Yes,Yes,No,No,Yes,No,Yes,Yes,N/A,Yes,Yes,With Guidedlines,Yes,Driver,Yes,Yes,Yes,Driver and Passenger,Yes,Yes,No,N/A,N/A,Yes,No,Yes,Yes,7 Inch,Yes,Yes,Yes,Front & Rear,N/A,N/A,Yes,No,No,No,No,No,No,No,Bangalore: Rs.13.73 Lakh; Mumbai: Rs.13.13 Lakh; Pune: Rs.13.08 Lakh; Hyderabad: Rs.14.05 Lakh; Chennai: Rs.13.74 Lakh; Ahmedabad: Rs.12.43 Lakh; Lucknow: Rs.12.72 Lakh; Jaipur: Rs.13.35 Lakh; Patna: Rs.13.02 Lakh; Chandigarh: Rs.12.90 Lakh
Maruti,Maruti Suzuki Brezza,Brezza Zxi DT,Rs.11.30 Lakh*Get On-Road Price,K15C,1462 cc,101.64bhp@6000rpm,136.8Nm@4400rpm,4,4,N/A,5-Speed,FWD,N/A,N/A,48 Litres,BS VI 2.0,MacPherson Strut suspension,Rear twist beam,Electric,Tilt & Telescopic,N/A,Ventilated Disc,Drum,3995 mm,1790 mm,1685 mm,328 Litres,5,198 mm,2500 mm,N/A,N/A,5,Yes,Yes,Yes,Yes,Yes,Yes,Yes,Yes,Yes,Yes,N/A,Yes,Yes,Yes,Yes,Rear,N/A,Yes,Yes,N/A,Front,N/A,Yes,Yes,No,No,N/A,Front & Rear,Front & Rear,Yes,No,Yes,N/A,N/A,Yes,No,Yes,N/A,Yes,Yes,No,No,Shark Fin,Single Pane,Manual,Powered,215/60 R16,"Tubeless, Radial",N/A,Yes,Yes,No,N/A,Yes,Yes,2,Yes,Yes,No,No,Yes,No,Yes,Yes,N/A,Yes,Yes,With Guidedlines,Yes,Driver,Yes,Yes,Yes,Driver and Passenger,Yes,Yes,No,N/A,N/A,Yes,No,Yes,Yes,7 Inch,Yes,Yes,Yes,Front & Rear,N/A,N/A,Yes,No,No,No,No,No,No,No,Bangalore: Rs.13.92 Lakh; Mumbai: Rs.13.31 Lakh; Pune: Rs.13.26 Lakh; Hyderabad: Rs.14.25 Lakh; Chennai: Rs.13.94 Lakh; Ahmedabad: Rs.12.60 Lakh; Lucknow: Rs.12.90 Lakh; Jaipur: Rs.13.54 Lakh; Patna: Rs.13.21 Lakh; Chandigarh: Rs.13.08 Lakh
Maruti,Maruti Suzuki Brezza,Brezza Zxi CNG,Rs.12.10 Lakh*Get On-Road Price,K15C,1462 cc,86.63bhp@5500rpm,121.5Nm@4200rpm,4,4,N/A,5-Speed,FWD,N/A,N/A,N/A,BS VI 2.0,MacPherson Strut suspension,Rear twist beam,Electric,Tilt & Telescopic,N/A,Ventilated Disc,Drum,3995 mm,1790 mm,1685 mm,N/A,5,198 mm,2500 mm,N/A,N/A,5,Yes,Yes,Yes,Yes,Yes,Yes,Yes,Yes,Yes,Yes,N/A,Yes,Yes,Yes,Yes,Rear,N/A,Yes,Yes,N/A,Front,N/A,Yes,Yes,No,No,N/A,Front & Rear,Front & Rear,Yes,No,Yes,N/A,N/A,Yes,No,Yes,N/A,Yes,Yes,No,No,Shark Fin,Single Pane,Manual,Powered,215/60 R16,"Tubeless, Radial",N/A,Yes,Yes,No,N/A,Yes,Yes,2,Yes,Yes,No,No,Yes,No,Yes,Yes,N/A,Yes,No,With Guidedlines,Yes,Driver,Yes,Yes,Yes,Driver and Passenger,No,Yes,No,N/A,N/A,Yes,No,Yes,Yes,7 Inch,Yes,Yes,Yes,Front & Rear,N/A,N/A,Yes,No,No,No,No,No,No,No,Bangalore: Rs.14.89 Lakh; Mumbai: Rs.13.75 Lakh; Pune: Rs.13.69 Lakh; Hyderabad: Rs.15.24 Lakh; Chennai: Rs.14.90 Lakh; Ahmedabad: Rs.13.49 Lakh; Lucknow: Rs.13.79 Lakh; Jaipur: Rs.14.48 Lakh; Patna: Rs.14.13 Lakh; Chandigarh: Rs.13.99 Lakh
Maruti,Maruti Suzuki Brezza,Brezza Zxi CNG DT,Rs.12.26 Lakh*Get On-Road Price,K15C,1462 cc,86.63bhp@5500rpm,121.5Nm@4200rpm,4,4,N/A,5-Speed,FWD,N/A,N/A,N/A,BS VI 2.0,MacPherson Strut suspension,Rear twist beam,Electric,Tilt & Telescopic,N/A,Ventilated Disc,Drum,3995 mm,1790 mm,1685 mm,N/A,5,198 mm,2500 mm,N/A,N/A,5,Yes,Yes,Yes,Yes,Yes,Yes,Yes,Yes,Yes,Yes,N/A,Yes,Yes,Yes,Yes,Rear,N/A,Yes,Yes,N/A,Front,N/A,Yes,Yes,No,No,N/A,Front & Rear,Front & Rear,Yes,No,Yes,N/A,N/A,Yes,No,Yes,N/A,Yes,Yes,No,No,Shark Fin,Single Pane,Manual,Powered,215/60 R16,"Tubeless, Radial",N/A,Yes,Yes,No,N/A,Yes,Yes,2,Yes,Yes,No,No,Yes,No,Yes,Yes,N/A,Yes,No,With Guidedlines,Yes,Driver,Yes,Yes,Yes,Driver and Passenger,No,Yes,No,N/A,N/A,Yes,No,Yes,Yes,7 Inch,Yes,Yes,Yes,Front & Rear,N/A,N/A,Yes,No,No,No,No,No,No,No,Bangalore: Rs.15.08 Lakh; Mumbai: Rs.13.93 Lakh; Pune: Rs.13.87 Lakh; Hyderabad: Rs.15.43 Lakh; Chennai: Rs.15.09 Lakh; Ahmedabad: Rs.13.67 Lakh; Lucknow: Rs.13.97 Lakh; Jaipur: Rs.14.67 Lakh; Patna: Rs.14.31 Lakh; Chandigarh: Rs.14.17 Lakh
Maruti,Maruti Suzuki Brezza,Brezza Zxi AT,Rs.12.54 Lakh*Get On-Road Price,K15C,1462 cc,101.64bhp@6000rpm,136.8Nm@4400rpm,4,4,N/A,6-Speed,FWD,N/A,N/A,48 Litres,BS VI 2.0,MacPherson Strut suspension,Rear twist beam,Electric,Tilt & Telescopic,N/A,Ventilated Disc,Drum,3995 mm,1790 mm,1685 mm,328 Litres,5,198 mm,2500 mm,N/A,N/A,5,Yes,Yes,Yes,Yes,Yes,Yes,Yes,Yes,Yes,Yes,N/A,Yes,Yes,Yes,Yes,Rear,N/A,Yes,Yes,N/A,Front,N/A,No,Yes,Yes,No,N/A,Front & Rear,Front & Rear,Yes,No,Yes,N/A,N/A,Yes,No,Yes,N/A,Yes,Yes,No,No,Shark Fin,Single Pane,Manual,Powered,215/60 R16,"Tubeless, Radial",N/A,Yes,Yes,No,N/A,Yes,Yes,2,Yes,Yes,No,No,Yes,No,Yes,Yes,N/A,Yes,Yes,With Guidedlines,Yes,Driver,Yes,Yes,Yes,Driver and Passenger,Yes,Yes,No,N/A,N/A,Yes,No,Yes,Yes,7 Inch,Yes,Yes,Yes,Front & Rear,N/A,N/A,Yes,No,No,No,No,No,No,No,Bangalore: Rs.15.40 Lakh; Mumbai: Rs.14.75 Lakh; Pune: Rs.14.69 Lakh; Hyderabad: Rs.15.79 Lakh; Chennai: Rs.15.44 Lakh; Ahmedabad: Rs.14.01 Lakh; Lucknow: Rs.14.29 Lakh; Jaipur: Rs.15.01 Lakh; Patna: Rs.14.62 Lakh; Chandigarh: Rs.14.50 Lakh
Maruti,Maruti Suzuki Brezza,Brezza Zxi Plus,Rs.12.58 Lakh*Get On-Road Price,K15C,1462 cc,101.64bhp@6000rpm,136.8Nm@4400rpm,4,4,N/A,5-Speed,FWD,N/A,N/A,48 Litres,BS VI 2.0,MacPherson Strut suspension,Rear twist beam,Electric,Tilt & Telescopic,N/A,Ventilated Disc,Drum,3995 mm,1790 mm,1685 mm,328 Litres,5,198 mm,2500 mm,N/A,N/A,5,Yes,Yes,Yes,Yes,Yes,Yes,Yes,Yes,Yes,Yes,N/A,Yes,Yes,Yes,Yes,Rear,N/A,Yes,Yes,N/A,Front & Rear,N/A,Yes,Yes,No,Yes,N/A,Front & Rear,Front & Rear,Yes,Yes,Yes,N/A,N/A,Yes,No,Yes,N/A,Yes,Yes,Yes,Front,Shark Fin,Single Pane,Manual,Powered & Folding,215/60 R16,"Tubeless, Radial",N/A,Yes,Yes,Yes,N/A,Yes,Yes,6,Yes,Yes,Yes,No,Yes,Yes,Yes,Yes,N/A,Yes,Yes,With Guidedlines,Yes,Driver,Yes,Yes,Yes,Driver and Passenger,Yes,Yes,Yes,N/A,N/A,Yes,Yes,Yes,Yes,9 Inch,Yes,Yes,Yes,Front & Rear,N/A,N/A,Yes,Yes,Yes,Yes,Yes,Yes,Yes,Yes,Bangalore: Rs.15.45 Lakh; Mumbai: Rs.14.79 Lakh; Pune: Rs.14.73 Lakh; Hyderabad: Rs.15.83 Lakh; Chennai: Rs.15.49 Lakh; Ahmedabad: Rs.14.02 Lakh; Lucknow: Rs.14.33 Lakh; Jaipur: Rs.15.05 Lakh; Patna: Rs.14.67 Lakh; Chandigarh: Rs.14.54 Lakh
Maruti,Maruti Suzuki Brezza,Brezza Zxi AT DT,Rs.12.71 Lakh*Get On-Road Price,K15C,1462 cc,101.64bhp@6000rpm,136.8Nm@4400rpm,4,4,N/A,6-Speed,FWD,N/A,N/A,48 Litres,BS VI 2.0,MacPherson Strut suspension,Rear twist beam,Electric,Tilt & Telescopic,N/A,Ventilated Disc,Drum,3995 mm,1790 mm,1685 mm,328 Litres,5,198 mm,2500 mm,N/A,N/A,5,Yes,Yes,Yes,Yes,Yes,Yes,Yes,Yes,Yes,Yes,N/A,Yes,Yes,Yes,Yes,Rear,N/A,Yes,Yes,N/A,Front,N/A,No,Yes,Yes,No,N/A,Front & Rear,Front & Rear,Yes,No,Yes,N/A,N/A,Yes,No,Yes,N/A,Yes,Yes,No,No,Shark Fin,Single Pane,Manual,Powered,215/60 R16,"Tubeless, Radial",N/A,Yes,Yes,No,N/A,Yes,Yes,2,Yes,Yes,No,No,Yes,No,Yes,Yes,N/A,Yes,Yes,With Guidedlines,Yes,Driver,Yes,Yes,Yes,Driver and Passenger,Yes,Yes,No,N/A,N/A,Yes,No,Yes,Yes,7 Inch,Yes,Yes,Yes,Front & Rear,N/A,N/A,Yes,No,No,No,No,No,No,No,Bangalore: Rs.17.34 Lakh; Mumbai: Rs.14.93 Lakh; Pune: Rs.14.88 Lakh; Hyderabad: Rs.15.99 Lakh; Chennai: Rs.15.64 Lakh; Ahmedabad: Rs.14.19 Lakh; Lucknow: Rs.14.47 Lakh; Jaipur: Rs.15.20 Lakh; Patna: Rs.14.96 Lakh; Chandigarh: Rs.14.68 Lakh
Maruti,Maruti Suzuki Brezza,Brezza Zxi Plus DT,Rs.12.74 Lakh*Get On-Road Price,K15C,1462 cc,101.64bhp@6000rpm,136.8Nm@4400rpm,4,4,N/A,5-Speed,FWD,N/A,N/A,48 Litres,BS VI 2.0,MacPherson Strut suspension,Rear twist beam,Electric,Tilt & Telescopic,N/A,Ventilated Disc,Drum,3995 mm,1790 mm,1685 mm,328 Litres,5,198 mm,2500 mm,N/A,N/A,5,Yes,Yes,Yes,Yes,Yes,Yes,Yes,Yes,Yes,Yes,N/A,Yes,Yes,Yes,Yes,Rear,N/A,Yes,Yes,N/A,Front & Rear,N/A,Yes,Yes,No,Yes,N/A,Front & Rear,Front & Rear,Yes,Yes,Yes,N/A,N/A,Yes,No,Yes,N/A,Yes,Yes,Yes,Front,Shark Fin,Single Pane,Manual,Powered & Folding,215/60 R16,"Tubeless, Radial",N/A,Yes,Yes,Yes,N/A,Yes,Yes,6,Yes,Yes,Yes,No,Yes,Yes,Yes,Yes,N/A,Yes,Yes,With Guidedlines,Yes,Driver,Yes,Yes,Yes,Driver and Passenger,Yes,Yes,Yes,N/A,N/A,Yes,Yes,Yes,Yes,9 Inch,Yes,Yes,Yes,Front & Rear,N/A,N/A,Yes,Yes,Yes,Yes,Yes,Yes,Yes,Yes,Bangalore: Rs.15.64 Lakh; Mumbai: Rs.14.97 Lakh; Pune: Rs.14.92 Lakh; Hyderabad: Rs.16.03 Lakh; Chennai: Rs.15.68 Lakh; Ahmedabad: Rs.14.20 Lakh; Lucknow: Rs.14.51 Lakh; Jaipur: Rs.15.24 Lakh; Patna: Rs.14.85 Lakh; Chandigarh: Rs.14.72 Lakh
Maruti,Maruti Suzuki Brezza,Brezza Zxi Plus AT,Rs.13.98 Lakh*Get On-Road Price,K15C,1462 cc,101.64bhp@6000rpm,136.8Nm@4400rpm,4,4,N/A,6-Speed,FWD,N/A,N/A,48 Litres,BS VI 2.0,MacPherson Strut suspension,Rear twist beam,Electric,Tilt & Telescopic,N/A,Ventilated Disc,Drum,3995 mm,1790 mm,1685 mm,328 Litres,5,198 mm,2500 mm,N/A,N/A,5,Yes,Yes,Yes,Yes,Yes,Yes,Yes,Yes,Yes,Yes,N/A,Yes,Yes,Yes,Yes,Rear,N/A,Yes,Yes,N/A,Front & Rear,N/A,No,Yes,Yes,Yes,N/A,Front & Rear,Front & Rear,Yes,Yes,Yes,N/A,N/A,Yes,No,Yes,N/A,Yes,Yes,Yes,Front,Shark Fin,Single Pane,Manual,Powered & Folding,215/60 R16,"Tubeless, Radial",N/A,Yes,Yes,Yes,N/A,Yes,Yes,6,Yes,Yes,Yes,No,Yes,Yes,Yes,Yes,N/A,Yes,Yes,With Guidedlines,Yes,Driver,Yes,Yes,Yes,Driver and Passenger,Yes,Yes,Yes,N/A,N/A,Yes,Yes,Yes,Yes,9 Inch,Yes,Yes,Yes,Front & Rear,N/A,N/A,Yes,Yes,Yes,Yes,Yes,Yes,Yes,Yes,Bangalore: Rs.17.15 Lakh; Mumbai: Rs.16.41 Lakh; Pune: Rs.16.35 Lakh; Hyderabad: Rs.17.51 Lakh; Chennai: Rs.17.19 Lakh; Ahmedabad: Rs.15.61 Lakh; Lucknow: Rs.15.91 Lakh; Jaipur: Rs.16.71 Lakh; Patna: Rs.16.13 Lakh; Chandigarh: Rs.16.15 Lakh
Maruti,Maruti Suzuki Brezza,Brezza Zxi Plus AT DT,Rs.14.14 Lakh*Get On-Road Price,K15C,1462 cc,101.64bhp@6000rpm,136.8Nm@4400rpm,4,4,N/A,6-Speed,FWD,N/A,N/A,48 Litres,BS VI 2.0,MacPherson Strut suspension,Rear twist beam,Electric,Tilt & Telescopic,N/A,Ventilated Disc,Drum,3995 mm,1790 mm,1685 mm,328 Litres,5,198 mm,2500 mm,N/A,N/A,5,Yes,Yes,Yes,Yes,Yes,Yes,Yes,Yes,Yes,Yes,N/A,Yes,Yes,Yes,Yes,Rear,N/A,Yes,Yes,N/A,Front & Rear,N/A,No,Yes,Yes,Yes,N/A,Front & Rear,Front & Rear,Yes,Yes,Yes,N/A,N/A,Yes,No,Yes,N/A,Yes,Yes,Yes,Front,Shark Fin,Single Pane,Manual,Powered & Folding,215/60 R16,"Tubeless, Radial",N/A,Yes,Yes,Yes,N/A,Yes,Yes,6,Yes,Yes,Yes,No,Yes,Yes,Yes,Yes,N/A,Yes,Yes,With Guidedlines,Yes,Driver,Yes,Yes,Yes,Driver and Passenger,Yes,Yes,Yes,N/A,N/A,Yes,Yes,Yes,Yes,9 Inch,Yes,Yes,Yes,Front & Rear,N/A,N/A,Yes,Yes,Yes,Yes,Yes,Yes,Yes,Yes,Bangalore: Rs.15.60 Lakh; Mumbai: Rs.16.60 Lakh; Pune: Rs.16.54 Lakh; Hyderabad: Rs.17.71 Lakh; Chennai: Rs.17.38 Lakh; Ahmedabad: Rs.15.79 Lakh; Lucknow: Rs.16.09 Lakh; Jaipur: Rs.16.90 Lakh; Patna: Rs.16.45 Lakh; Chandigarh: Rs.16.33 Lakh
Maruti,Maruti Suzuki FRONX,FRONX Sigma,Rs.7.51 Lakh*Get On-Road Price,"1.2L Dual Jet, Dual VVT",1197 cc,88.50bhp@6000rpm,113Nm@4400rpm,4,4,N/A,5-Speed,FWD,N/A,N/A,37 Litres,BS VI 2.0,MacPherson Strut suspension,Rear twist beam,Electric,Tilt,4.9 m,Disc,Drum,3995 mm,1765 mm,1550 mm,308 Litres,5,N/A,2520 mm,960-970 kg,1450 kg,5,Yes,Yes,Yes,Yes,No,Yes,N/A,N/A,N/A,Yes,N/A,Yes,N/A,No,No,Rear,No,Yes,No,No,Front,N/A,Yes,N/A,Yes,No,N/A,Front & Rear,N/A,Yes,N/A,Yes,N/A,N/A,Yes,Yes,No,No,Yes,Yes,No,N/A,Shark Fin,N/A,N/A,Manual,195/60 R16,Radial Tubeless,16 Inch,No,No,N/A,N/A,Yes,Yes,2,Yes,Yes,No,No,Yes,No,Yes,Yes,N/A,Yes,Yes,No,No,Driver,Yes,Yes,Yes,Driver and Passenger,Yes,Yes,No,N/A,N/A,No,No,No,No,inch,No,No,No,No,No,No,No,No,No,No,No,No,No,No,Bangalore: Rs.8.95 Lakh; Mumbai: Rs.8.72 Lakh; Pune: Rs.8.65 Lakh; Hyderabad: Rs.8.91 Lakh; Chennai: Rs.8.82 Lakh; Ahmedabad: Rs.8.44 Lakh; Lucknow: Rs.8.40 Lakh; Jaipur: Rs.8.59 Lakh; Patna: Rs.8.66 Lakh; Chandigarh: Rs.8.41 Lakh
Maruti,Maruti Suzuki FRONX,FRONX Delta,Rs.8.38 Lakh*Get On-Road Price,"1.2L Dual Jet, Dual VVT",1197 cc,88.50bhp@6000rpm,113Nm@4400rpm,4,4,N/A,5-Speed,FWD,N/A,N/A,37 Litres,BS VI 2.0,MacPherson Strut suspension,Rear twist beam,Electric,Tilt,4.9 m,Disc,Drum,3995 mm,1765 mm,1550 mm,308 Litres,5,N/A,2520 mm,960-970 kg,1450 kg,5,Yes,Yes,Yes,Yes,No,Yes,N/A,N/A,N/A,Yes,N/A,Yes,N/A,No,No,Rear,No,Yes,No,Yes,Front,N/A,Yes,N/A,Yes,No,N/A,Front & Rear,N/A,Yes,N/A,Yes,N/A,N/A,Yes,Yes,No,Yes,Yes,Yes,No,N/A,Shark Fin,N/A,N/A,Powered,195/60 R16,Radial Tubeless,16 Inch,No,No,N/A,N/A,Yes,Yes,2,Yes,Yes,No,No,Yes,No,Yes,Yes,N/A,Yes,Yes,No,Yes,Driver,Yes,Yes,Yes,Driver and Passenger,Yes,Yes,No,N/A,N/A,Yes,No,Yes,Yes,7 Inch,Yes,Yes,Yes,Front & Rear,No,No,Yes,No,No,No,No,No,No,No,Bangalore: Rs.9.95 Lakh; Mumbai: Rs.9.69 Lakh; Pune: Rs.9.62 Lakh; Hyderabad: Rs.9.93 Lakh; Chennai: Rs.9.81 Lakh; Ahmedabad: Rs.9.38 Lakh; Lucknow: Rs.9.34 Lakh; Jaipur: Rs.9.55 Lakh; Patna: Rs.9.72 Lakh; Chandigarh: Rs.9.35 Lakh
Maruti,Maruti Suzuki FRONX,FRONX Sigma CNG,Rs.8.46 Lakh*Get On-Road Price,"1.2L Dual Jet, Dual VVT",1197 cc,76.43bhp@6000rpm,98.5Nm@4300rpm,4,4,N/A,5-Speed,FWD,N/A,N/A,N/A,BS VI 2.0,MacPherson Strut suspension,Rear twist beam,Electric,Tilt,4.9 m,Disc,Drum,3995 mm,1765 mm,1550 mm,N/A,5,N/A,2520 mm,1050-1060 kg,1480 kg,5,Yes,Yes,Yes,Yes,No,Yes,N/A,N/A,N/A,Yes,N/A,Yes,N/A,No,No,Rear,No,Yes,No,No,Front,N/A,Yes,N/A,No,No,N/A,Front & Rear,N/A,Yes,N/A,Yes,N/A,N/A,Yes,Yes,No,No,Yes,Yes,No,N/A,Shark Fin,N/A,N/A,Manual,195/60 R16,Radial Tubeless,16 Inch,No,No,N/A,N/A,Yes,Yes,2,Yes,Yes,No,No,Yes,No,Yes,Yes,N/A,Yes,Yes,No,No,Driver,Yes,Yes,Yes,Driver and Passenger,Yes,Yes,No,N/A,N/A,No,No,No,No,inch,No,No,No,No,No,No,No,No,No,No,No,No,No,No,Bangalore: Rs.10.06 Lakh; Mumbai: Rs.9.45 Lakh; Pune: Rs.9.39 Lakh; Hyderabad: Rs.10.19 Lakh; Chennai: Rs.9.92 Lakh; Ahmedabad: Rs.9.48 Lakh; Lucknow: Rs.9.45 Lakh; Jaipur: Rs.9.65 Lakh; Patna: Rs.9.83 Lakh; Chandigarh: Rs.9.43 Lakh
Maruti,Maruti Suzuki FRONX,FRONX Delta Plus,Rs.8.78 Lakh*Get On-Road Price,"1.2L Dual Jet, Dual VVT",1197 cc,88.50bhp@6000rpm,113Nm@4400rpm,4,4,N/A,5-Speed,FWD,N/A,N/A,37 Litres,BS VI 2.0,MacPherson Strut suspension,Rear twist beam,Electric,Tilt,4.9 m,Disc,Drum,3995 mm,1765 mm,1550 mm,308 Litres,5,N/A,2520 mm,965-970 kg,1450 kg,5,Yes,Yes,Yes,Yes,No,Yes,N/A,N/A,N/A,Yes,N/A,Yes,N/A,No,No,Rear,No,Yes,No,Yes,Front,N/A,Yes,N/A,Yes,Yes,N/A,Front & Rear,N/A,Yes,N/A,Yes,N/A,N/A,Yes,No,Yes,Yes,Yes,No,Yes,N/A,Shark Fin,N/A,N/A,Powered,195/60 R16,Radial Tubeless,N/A,Yes,Yes,N/A,N/A,Yes,Yes,2,Yes,Yes,No,No,Yes,No,Yes,Yes,N/A,Yes,Yes,No,Yes,Driver,Yes,Yes,Yes,Driver and Passenger,Yes,Yes,No,N/A,N/A,Yes,No,Yes,Yes,7 Inch,Yes,Yes,Yes,Front & Rear,No,No,Yes,No,No,No,No,No,No,No,Bangalore: Rs.10.42 Lakh; Mumbai: Rs.10.15 Lakh; Pune: Rs.10.08 Lakh; Hyderabad: Rs.10.39 Lakh; Chennai: Rs.10.27 Lakh; Ahmedabad: Rs.9.82 Lakh; Lucknow: Rs.9.78 Lakh; Jaipur: Rs.10 Lakh; Patna: Rs.10.18 Lakh; Chandigarh: Rs.9.79 Lakh
Maruti,Maruti Suzuki FRONX,FRONX Delta AMT,Rs.8.82 Lakh*Get On-Road Price,"1.2L Dual Jet, Dual VVT",1197 cc,88.50bhp@6000rpm,113Nm@4400rpm,4,4,N/A,5-Speed AMT,FWD,N/A,N/A,37 Litres,BS VI 2.0,MacPherson Strut suspension,Rear twist beam,Electric,Tilt,4.9 m,Disc,Drum,3995 mm,1765 mm,1550 mm,308 Litres,5,N/A,2520 mm,965-975 kg,1450 kg,5,Yes,Yes,Yes,Yes,No,Yes,N/A,N/A,N/A,Yes,N/A,Yes,N/A,No,No,Rear,No,Yes,No,Yes,Front,N/A,No,N/A,Yes,No,N/A,Front & Rear,N/A,Yes,N/A,Yes,N/A,N/A,Yes,Yes,No,Yes,Yes,Yes,No,N/A,Shark Fin,N/A,N/A,Powered,195/60 R16,Radial Tubeless,16 Inch,No,No,N/A,N/A,Yes,Yes,2,Yes,Yes,No,No,Yes,No,Yes,Yes,N/A,Yes,Yes,No,Yes,Driver,Yes,Yes,Yes,Driver and Passenger,Yes,Yes,No,N/A,N/A,Yes,No,Yes,Yes,7 Inch,Yes,Yes,Yes,Front & Rear,No,No,Yes,No,No,No,No,No,No,No,Bangalore: Rs.10.48 Lakh; Mumbai: Rs.10.22 Lakh; Pune: Rs.10.13 Lakh; Hyderabad: Rs.10.46 Lakh; Chennai: Rs.10.35 Lakh; Ahmedabad: Rs.9.88 Lakh; Lucknow: Rs.9.82 Lakh; Jaipur: Rs.10.05 Lakh; Patna: Rs.10.24 Lakh; Chandigarh: Rs.9.84 Lakh
Maruti,Maruti Suzuki FRONX,FRONX Delta Plus Opt,Rs.8.93 Lakh*Get On-Road Price,"1.2L Dual Jet, Dual VVT",1197 cc,88.50bhp@6000rpm,113Nm@4400rpm,4,4,N/A,5-Speed,FWD,N/A,N/A,37 Litres,BS VI 2.0,MacPherson Strut suspension,Rear twist beam,Electric,Tilt,4.9 m,Disc,Drum,3995 mm,1765 mm,1550 mm,308 Litres,5,N/A,2520 mm,960-970 kg,1450 kg,5,Yes,Yes,Yes,Yes,No,Yes,N/A,N/A,N/A,Yes,N/A,Yes,N/A,No,No,Rear,No,Yes,No,Yes,Front,N/A,Yes,N/A,Yes,Yes,N/A,Front & Rear,N/A,Yes,N/A,Yes,N/A,N/A,Yes,No,Yes,Yes,Yes,No,Yes,N/A,Shark Fin,N/A,N/A,Powered,195/60 R16,Radial Tubeless,N/A,Yes,Yes,N/A,N/A,Yes,Yes,6,Yes,Yes,Yes,No,Yes,Yes,Yes,Yes,N/A,Yes,Yes,No,Yes,Driver,Yes,Yes,Yes,Driver and Passenger,Yes,Yes,No,N/A,N/A,Yes,No,Yes,Yes,7 Inch,Yes,Yes,Yes,Front & Rear,No,No,Yes,No,No,No,No,No,No,No,Bangalore: Rs.10.60 Lakh; Mumbai: Rs.10.34 Lakh; Pune: Rs.10.25 Lakh; Hyderabad: Rs.10.59 Lakh; Chennai: Rs.10.53 Lakh; Ahmedabad: Rs.9.99 Lakh; Lucknow: Rs.9.94 Lakh; Jaipur: Rs.10.19 Lakh; Patna: Rs.10.36 Lakh; Chandigarh: Rs.10.27 Lakh
Maruti,Maruti Suzuki FRONX,FRONX Delta Plus AMT,Rs.9.22 Lakh*Get On-Road Price,"1.2L Dual Jet, Dual VVT",1197 cc,88.50bhp@6000rpm,113Nm@4400rpm,4,4,N/A,5-Speed AMT,FWD,N/A,N/A,37 Litres,BS VI 2.0,MacPherson Strut suspension,Rear twist beam,Electric,Tilt,4.9 m,Disc,Drum,3995 mm,1765 mm,1550 mm,308 Litres,5,N/A,2520 mm,965-975 kg,1450 kg,5,Yes,Yes,Yes,Yes,No,Yes,N/A,N/A,N/A,Yes,N/A,Yes,N/A,No,No,Rear,No,Yes,No,Yes,Front,N/A,No,N/A,Yes,Yes,N/A,Front & Rear,N/A,Yes,N/A,Yes,N/A,N/A,Yes,No,Yes,Yes,Yes,No,Yes,N/A,Shark Fin,N/A,N/A,Powered,195/60 R16,Radial Tubeless,N/A,Yes,Yes,N/A,N/A,Yes,Yes,2,Yes,Yes,No,No,Yes,No,Yes,Yes,N/A,Yes,Yes,No,Yes,Driver,Yes,Yes,Yes,Driver and Passenger,Yes,Yes,No,N/A,N/A,Yes,No,Yes,Yes,7 Inch,Yes,Yes,Yes,Front & Rear,No,No,Yes,No,No,No,No,No,No,No,Bangalore: Rs.10.95 Lakh; Mumbai: Rs.10.67 Lakh; Pune: Rs.10.59 Lakh; Hyderabad: Rs.10.93 Lakh; Chennai: Rs.10.79 Lakh; Ahmedabad: Rs.10.31 Lakh; Lucknow: Rs.10.26 Lakh; Jaipur: Rs.10.50 Lakh; Patna: Rs.10.70 Lakh; Chandigarh: Rs.10.28 Lakh
Maruti,Maruti Suzuki FRONX,FRONX Delta CNG,Rs.9.32 Lakh*Get On-Road Price,"1.2L Dual Jet, Dual VVT",1197 cc,76.43bhp@6000rpm,98.5Nm@4300rpm,4,4,N/A,5-Speed,FWD,N/A,N/A,N/A,BS VI 2.0,MacPherson Strut suspension,Rear twist beam,Electric,Tilt,4.9 m,Disc,Drum,3995 mm,1765 mm,1550 mm,N/A,5,N/A,2520 mm,1050-1060 kg,1480 kg,5,Yes,Yes,Yes,Yes,No,Yes,N/A,N/A,N/A,Yes,N/A,Yes,N/A,No,No,Rear,No,Yes,No,Yes,Front,N/A,Yes,N/A,No,No,N/A,Front & Rear,N/A,Yes,N/A,Yes,N/A,N/A,Yes,Yes,No,Yes,Yes,Yes,No,N/A,Shark Fin,N/A,N/A,Powered,195/60 R16,Radial Tubeless,16 Inch,No,No,N/A,N/A,Yes,Yes,2,Yes,Yes,No,No,Yes,No,Yes,Yes,N/A,Yes,Yes,No,Yes,Driver,Yes,Yes,Yes,Driver and Passenger,Yes,Yes,No,N/A,N/A,Yes,No,Yes,Yes,7 Inch,Yes,Yes,Yes,Front & Rear,No,No,Yes,No,No,No,No,No,No,No,Bangalore: Rs.11.07 Lakh; Mumbai: Rs.10.39 Lakh; Pune: Rs.10.32 Lakh; Hyderabad: Rs.11.20 Lakh; Chennai: Rs.10.91 Lakh; Ahmedabad: Rs.10.42 Lakh; Lucknow: Rs.10.39 Lakh; Jaipur: Rs.10.62 Lakh; Patna: Rs.10.81 Lakh; Chandigarh: Rs.10.37 Lakh
Maruti,Maruti Suzuki FRONX,FRONX Delta Plus Opt AMT,Rs.9.38 Lakh*Get On-Road Price,"1.2L Dual Jet, Dual VVT",1197 cc,88.50bhp@6000rpm,113Nm@4400rpm,4,4,N/A,5-Speed AMT,FWD,N/A,N/A,37 Litres,BS VI 2.0,MacPherson Strut suspension,Rear twist beam,Electric,Tilt,4.9 m,Disc,Drum,3995 mm,1765 mm,1550 mm,308 Litres,5,N/A,2520 mm,965-975 kg,1450 kg,5,Yes,Yes,Yes,Yes,No,Yes,N/A,N/A,N/A,Yes,N/A,Yes,N/A,No,No,Rear,No,Yes,No,Yes,Front,N/A,No,N/A,Yes,Yes,N/A,Front & Rear,N/A,Yes,N/A,Yes,N/A,N/A,Yes,No,Yes,Yes,Yes,No,Yes,N/A,Shark Fin,N/A,N/A,Powered,195/60 R16,Radial Tubeless,N/A,Yes,Yes,N/A,N/A,Yes,Yes,6,Yes,Yes,Yes,No,Yes,Yes,Yes,Yes,N/A,Yes,Yes,No,Yes,Driver,Yes,Yes,Yes,Driver and Passenger,Yes,Yes,No,N/A,N/A,Yes,No,Yes,Yes,7 Inch,Yes,Yes,Yes,Front & Rear,No,No,Yes,No,No,No,No,No,No,No,Bangalore: Rs.11.13 Lakh; Mumbai: Rs.10.85 Lakh; Pune: Rs.10.76 Lakh; Hyderabad: Rs.11.10 Lakh; Chennai: Rs.11.04 Lakh; Ahmedabad: Rs.10.48 Lakh; Lucknow: Rs.10.43 Lakh; Jaipur: Rs.10.70 Lakh; Patna: Rs.10.87 Lakh; Chandigarh: Rs.10.45 Lakh
Maruti,Maruti Suzuki FRONX,FRONX Delta Plus Turbo,Rs.9.72 Lakh*Get On-Road Price,1.0L Turbo Boosterjet,998 cc,98.69bhp@5500rpm,147.6Nm@2000-4500rpm,3,4,N/A,5-Speed,FWD,N/A,N/A,37 Litres,BS VI 2.0,MacPherson Strut suspension,Rear twist beam,Electric,Tilt,4.9 m,Disc,Drum,3995 mm,1765 mm,1550 mm,308 Litres,5,N/A,2520 mm,1015-1030 kg,1480 kg,5,Yes,Yes,Yes,Yes,No,Yes,N/A,N/A,N/A,Yes,N/A,Yes,N/A,No,No,Rear,No,Yes,No,Yes,Front,N/A,Yes,N/A,Yes,Yes,N/A,Front & Rear,N/A,Yes,N/A,Yes,N/A,N/A,Yes,No,Yes,Yes,Yes,No,Yes,N/A,Shark Fin,N/A,N/A,Powered,195/60 R16,Radial Tubeless,N/A,Yes,Yes,N/A,N/A,Yes,Yes,2,Yes,Yes,No,No,Yes,No,Yes,Yes,N/A,Yes,Yes,No,Yes,Driver,Yes,Yes,Yes,Driver and Passenger,Yes,Yes,No,N/A,N/A,Yes,No,Yes,Yes,7 Inch,Yes,Yes,Yes,Front & Rear,No,No,Yes,No,No,No,No,No,No,No,Bangalore: Rs.11.48 Lakh; Mumbai: Rs.11.23 Lakh; Pune: Rs.11.10 Lakh; Hyderabad: Rs.11.51 Lakh; Chennai: Rs.11.31 Lakh; Ahmedabad: Rs.10.86 Lakh; Lucknow: Rs.10.77 Lakh; Jaipur: Rs.11.01 Lakh; Patna: Rs.11.21 Lakh; Chandigarh: Rs.10.77 Lakh
Maruti,Maruti Suzuki FRONX,FRONX Zeta Turbo,Rs.10.55 Lakh*Get On-Road Price,1.0L Turbo Boosterjet,998 cc,98.69bhp@5500rpm,147.6Nm@2000-4500rpm,3,4,N/A,5-Speed,FWD,N/A,N/A,37 Litres,BS VI 2.0,MacPherson Strut suspension,Rear twist beam,Electric,Tilt & Telescopic,4.9 m,Disc,Drum,3995 mm,1765 mm,1550 mm,308 Litres,5,N/A,2520 mm,1015-1030 kg,1480 kg,5,Yes,Yes,Yes,Yes,Yes,Yes,N/A,N/A,N/A,Yes,N/A,Yes,N/A,Yes,No,Rear,Yes,Yes,Yes,Yes,Front & Rear,N/A,Yes,N/A,Yes,Yes,N/A,Front & Rear,Front Only,Yes,N/A,Yes,N/A,N/A,Yes,No,Yes,Yes,Yes,No,Yes,N/A,Shark Fin,N/A,N/A,Powered,195/60 R16,Radial Tubeless,N/A,Yes,Yes,N/A,N/A,Yes,Yes,6,Yes,Yes,Yes,No,Yes,Yes,Yes,Yes,N/A,Yes,Yes,With Guidedlines,Yes,Driver,Yes,Yes,Yes,Driver and Passenger,Yes,Yes,No,N/A,N/A,Yes,Yes,Yes,Yes,7 Inch,Yes,Yes,Yes,Front & Rear,No,Yes,Yes,Yes,Yes,Yes,Yes,Yes,Yes,Yes,Bangalore: Rs.12.91 Lakh; Mumbai: Rs.12.38 Lakh; Pune: Rs.12.25 Lakh; Hyderabad: Rs.12.90 Lakh; Chennai: Rs.12.92 Lakh; Ahmedabad: Rs.11.90 Lakh; Lucknow: Rs.12 Lakh; Jaipur: Rs.12.04 Lakh; Patna: Rs.12.26 Lakh; Chandigarh: Rs.11.79 Lakh
Maruti,Maruti Suzuki FRONX,FRONX Alpha Turbo,Rs.11.47 Lakh*Get On-Road Price,1.0L Turbo Boosterjet,998 cc,98.69bhp@5500rpm,147.6Nm@2000-4500rpm,3,4,N/A,5-Speed,FWD,N/A,N/A,37 Litres,BS VI 2.0,MacPherson Strut suspension,Rear twist beam,Electric,Tilt & Telescopic,4.9 m,Disc,Drum,3995 mm,1765 mm,1550 mm,308 Litres,5,N/A,2520 mm,1015-1030 kg,1480 kg,5,Yes,Yes,Yes,N/A,Yes,Yes,N/A,N/A,N/A,Yes,N/A,Yes,N/A,Yes,Yes,Rear,Yes,Yes,Yes,Yes,Front & Rear,N/A,Yes,N/A,Yes,Yes,N/A,Front & Rear,Front Only,Yes,Yes,Yes,N/A,N/A,Yes,No,Yes,Yes,Yes,No,Yes,N/A,Shark Fin,N/A,N/A,Powered & Folding,195/60 R16,Radial Tubeless,N/A,Yes,Yes,N/A,N/A,Yes,Yes,6,Yes,Yes,Yes,No,Yes,Yes,Yes,Yes,N/A,Yes,Yes,With Guidedlines,Yes,Driver,Yes,Yes,Yes,Driver and Passenger,Yes,Yes,Yes,N/A,N/A,Yes,Yes,Yes,Yes,9 Inch,Yes,Yes,Yes,Front & Rear,No,Yes,Yes,Yes,Yes,Yes,Yes,Yes,Yes,Yes,Bangalore: Rs.14.03 Lakh; Mumbai: Rs.13.45 Lakh; Pune: Rs.13.31 Lakh; Hyderabad: Rs.14.02 Lakh; Chennai: Rs.14 Lakh; Ahmedabad: Rs.12.91 Lakh; Lucknow: Rs.13.03 Lakh; Jaipur: Rs.13.08 Lakh; Patna: Rs.13.32 Lakh; Chandigarh: Rs.12.81 Lakh
Maruti,Maruti Suzuki FRONX,FRONX Alpha Turbo DT,Rs.11.63 Lakh*Get On-Road Price,1.0L Turbo Boosterjet,998 cc,98.69bhp@5500rpm,147.6Nm@2000-4500rpm,3,4,N/A,5-Speed,FWD,N/A,N/A,37 Litres,BS VI 2.0,MacPherson Strut suspension,Rear twist beam,Electric,Tilt & Telescopic,4.9 m,Disc,Drum,3995 mm,1765 mm,1550 mm,308 Litres,5,N/A,2520 mm,1015-1030 kg,1480 kg,5,Yes,Yes,Yes,N/A,Yes,Yes,N/A,N/A,N/A,Yes,N/A,Yes,N/A,Yes,Yes,Rear,Yes,Yes,Yes,Yes,Front & Rear,N/A,Yes,N/A,Yes,Yes,N/A,Front & Rear,Front Only,Yes,Yes,Yes,N/A,N/A,Yes,No,Yes,Yes,Yes,No,Yes,N/A,Shark Fin,N/A,N/A,Powered & Folding,195/60 R16,Radial Tubeless,N/A,Yes,Yes,N/A,N/A,Yes,Yes,6,Yes,Yes,Yes,No,Yes,Yes,Yes,Yes,N/A,Yes,Yes,With Guidedlines,Yes,Driver,Yes,Yes,Yes,Driver and Passenger,Yes,Yes,Yes,N/A,N/A,Yes,Yes,Yes,Yes,9 Inch,Yes,Yes,Yes,Front & Rear,No,Yes,Yes,Yes,Yes,Yes,Yes,Yes,Yes,Yes,Bangalore: Rs.14.22 Lakh; Mumbai: Rs.13.63 Lakh; Pune: Rs.13.49 Lakh; Hyderabad: Rs.14.22 Lakh; Chennai: Rs.14.21 Lakh; Ahmedabad: Rs.13.09 Lakh; Lucknow: Rs.13.22 Lakh; Jaipur: Rs.13.43 Lakh; Patna: Rs.13.51 Lakh; Chandigarh: Rs.12.99 Lakh
Maruti,Maruti Suzuki FRONX,FRONX Zeta Turbo AT,Rs.11.96 Lakh*Get On-Road Price,1.0L Turbo Boosterjet,998 cc,98.69bhp@5500rpm,147.6Nm@2000-4500rpm,3,4,N/A,6-Speed AT,FWD,N/A,N/A,37 Litres,BS VI 2.0,MacPherson Strut suspension,Rear twist beam,Electric,Tilt & Telescopic,4.9 m,Disc,Drum,3995 mm,1765 mm,1550 mm,308 Litres,5,N/A,2520 mm,1055-1060 kg,1480 kg,5,Yes,Yes,Yes,Yes,Yes,Yes,N/A,N/A,N/A,Yes,N/A,Yes,N/A,Yes,No,Rear,Yes,Yes,Yes,Yes,Front & Rear,N/A,No,N/A,Yes,Yes,N/A,Front & Rear,Front Only,Yes,N/A,Yes,N/A,N/A,Yes,No,Yes,Yes,Yes,No,Yes,N/A,Shark Fin,N/A,N/A,Powered,195/60 R16,Radial Tubeless,N/A,Yes,Yes,N/A,N/A,Yes,Yes,6,Yes,Yes,Yes,No,Yes,Yes,Yes,Yes,N/A,Yes,Yes,With Guidedlines,Yes,Driver,Yes,Yes,Yes,Driver and Passenger,Yes,Yes,No,N/A,N/A,Yes,Yes,Yes,Yes,7 Inch,Yes,Yes,Yes,Front & Rear,No,Yes,Yes,Yes,Yes,Yes,Yes,Yes,Yes,Yes,Bangalore: Rs.14.61 Lakh; Mumbai: Rs.14 Lakh; Pune: Rs.13.86 Lakh; Hyderabad: Rs.14.63 Lakh; Chennai: Rs.14.58 Lakh; Ahmedabad: Rs.13.45 Lakh; Lucknow: Rs.13.58 Lakh; Jaipur: Rs.13.62 Lakh; Patna: Rs.13.88 Lakh; Chandigarh: Rs.13.33 Lakh
Maruti,Maruti Suzuki FRONX,FRONX Alpha Turbo AT,Rs.12.88 Lakh*Get On-Road Price,1.0L Turbo Boosterjet,998 cc,98.69bhp@5500rpm,147.6Nm@2000-4500rpm,3,4,N/A,6-Speed AT,FWD,N/A,N/A,37 Litres,BS VI 2.0,MacPherson Strut suspension,Rear twist beam,Electric,Tilt & Telescopic,4.9 m,Disc,Drum,3995 mm,1765 mm,1550 mm,308 Litres,5,N/A,2520 mm,1055-1060 kg,1480 kg,5,Yes,Yes,Yes,N/A,Yes,Yes,N/A,N/A,N/A,Yes,N/A,Yes,N/A,Yes,Yes,Rear,Yes,Yes,Yes,Yes,Front & Rear,N/A,No,N/A,Yes,Yes,N/A,Front & Rear,Front Only,Yes,Yes,Yes,N/A,N/A,Yes,No,Yes,Yes,Yes,No,Yes,N/A,Shark Fin,N/A,N/A,Powered & Folding,195/60 R16,Radial Tubeless,N/A,Yes,Yes,N/A,N/A,Yes,Yes,6,Yes,Yes,Yes,No,Yes,Yes,Yes,Yes,N/A,Yes,Yes,With Guidedlines,Yes,Driver,Yes,Yes,Yes,Driver and Passenger,Yes,Yes,Yes,N/A,N/A,Yes,Yes,Yes,Yes,9 Inch,Yes,Yes,Yes,Front & Rear,No,Yes,Yes,Yes,Yes,Yes,Yes,Yes,Yes,Yes,Bangalore: Rs.15.72 Lakh; Mumbai: Rs.15.07 Lakh; Pune: Rs.14.92 Lakh; Hyderabad: Rs.15.73 Lakh; Chennai: Rs.15.70 Lakh; Ahmedabad: Rs.14.46 Lakh; Lucknow: Rs.14.61 Lakh; Jaipur: Rs.14.66 Lakh; Patna: Rs.14.94 Lakh; Chandigarh: Rs.14.35 Lakh
Maruti,Maruti Suzuki FRONX,FRONX Alpha Turbo DT AT,Rs.13.04 Lakh*Get On-Road Price,1.0L Turbo Boosterjet,998 cc,98.69bhp@5500rpm,147.6Nm@2000-4500rpm,3,4,N/A,6-Speed AT,FWD,N/A,N/A,37 Litres,BS VI 2.0,MacPherson Strut suspension,Rear twist beam,Electric,Tilt & Telescopic,4.9 m,Disc,Drum,3995 mm,1765 mm,1550 mm,308 Litres,5,N/A,2520 mm,1055-1060 kg,1480 kg,5,Yes,Yes,Yes,N/A,Yes,Yes,N/A,N/A,N/A,Yes,N/A,Yes,N/A,Yes,Yes,Rear,Yes,Yes,Yes,Yes,Front & Rear,N/A,No,N/A,Yes,Yes,N/A,Front & Rear,Front Only,Yes,Yes,Yes,N/A,N/A,Yes,No,Yes,Yes,Yes,No,Yes,N/A,Shark Fin,N/A,N/A,Powered & Folding,195/60 R16,Radial Tubeless,N/A,Yes,Yes,N/A,N/A,Yes,Yes,6,Yes,Yes,Yes,No,Yes,Yes,Yes,Yes,N/A,Yes,Yes,With Guidedlines,Yes,Driver,Yes,Yes,Yes,Driver and Passenger,Yes,Yes,Yes,N/A,N/A,Yes,Yes,Yes,Yes,9 Inch,Yes,Yes,Yes,Front & Rear,No,Yes,Yes,Yes,Yes,Yes,Yes,Yes,Yes,Yes,Bangalore: Rs.15.92 Lakh; Mumbai: Rs.15.25 Lakh; Pune: Rs.15.10 Lakh; Hyderabad: Rs.15.93 Lakh; Chennai: Rs.15.90 Lakh; Ahmedabad: Rs.14.64 Lakh; Lucknow: Rs.14.79 Lakh; Jaipur: Rs.15.03 Lakh; Patna: Rs.15.12 Lakh; Chandigarh: Rs.14.53 Lakh
Maruti,Maruti Suzuki Grand Vitara,Grand Vitara Sigma,Rs.10.99 Lakh*Get On-Road Price,K15C With Mild Hybrid System,1462 cc,101.64bhp@6000rpm,136.8Nm@4400rpm,4,4,N/A,5-Speed,FWD,N/A,N/A,45 Litres,BS VI 2.0,MacPherson Strut suspension,Rear twist beam,Electric,Tilt & Telescopic,5.4 m,Ventilated Disc,Solid Disc,4345 mm,1795 mm,1645 mm,373 Litres,5,210 mm,2600 mm,1150-1185 kg,1645 kg,5,Yes,Yes,Yes,Yes,Yes,Yes,Yes,No,Yes,Yes,Yes,Yes,Yes,Yes,No,Rear,No,Yes,Yes,No,No,N/A,Yes,N/A,Yes,No,N/A,N/A,N/A,Yes,N/A,Yes,N/A,Yes,N/A,Yes,No,Yes,Yes,Yes,No,N/A,Shark Fin,No,Manual,N/A,215/60 R17,"Tubeless, Radial",17 Inch,N/A,No,N/A,N/A,Yes,Yes,2,Yes,Yes,No,No,Yes,No,Yes,Yes,No,Yes,Yes,No,No,Driver,Yes,Yes,Yes,Driver and Passenger,Yes,Yes,No,N/A,N/A,No,No,No,No,inch,No,No,Yes,No,N/A,No,N/A,No,No,No,No,No,No,No,Bangalore: Rs.13.48 Lakh; Mumbai: Rs.12.90 Lakh; Pune: Rs.12.86 Lakh; Hyderabad: Rs.13.43 Lakh; Chennai: Rs.13.52 Lakh; Ahmedabad: Rs.12.28 Lakh; Lucknow: Rs.12.54 Lakh; Jaipur: Rs.12.71 Lakh; Patna: Rs.12.83 Lakh; Chandigarh: Rs.12.22 Lakh
Maruti,Maruti Suzuki Grand Vitara,Grand Vitara Delta,Rs.12.20 Lakh*Get On-Road Price,K15C With Mild Hybrid System,1462 cc,101.64bhp@6000rpm,136.8Nm@4400rpm,4,4,N/A,5-Speed,FWD,N/A,N/A,45 Litres,BS VI 2.0,MacPherson Strut suspension,Rear twist beam,Electric,Tilt & Telescopic,5.4 m,Ventilated Disc,Solid Disc,4345 mm,1795 mm,1645 mm,373 Litres,5,210 mm,2600 mm,1150-1185 kg,1645 kg,5,Yes,Yes,Yes,Yes,Yes,Yes,Yes,Yes,Yes,Yes,Yes,Yes,Yes,Yes,Yes,Rear,Yes,Yes,Yes,Yes,Rear,N/A,Yes,N/A,Yes,No,N/A,N/A,N/A,Yes,N/A,Yes,N/A,Yes,N/A,Yes,No,Yes,Yes,Yes,No,N/A,Shark Fin,No,Manual,N/A,215/60 R17,"Tubeless, Radial",17 Inch,N/A,No,N/A,N/A,Yes,Yes,2,Yes,Yes,No,No,Yes,No,Yes,Yes,No,Yes,Yes,With Guidedlines,Yes,Driver,Yes,Yes,Yes,Driver and Passenger,Yes,Yes,No,N/A,N/A,Yes,No,Yes,Yes,N/A,Yes,Yes,Yes,Front & Rear,N/A,Yes,N/A,Yes,Yes,Yes,Yes,Yes,Yes,Yes,Bangalore: Rs.14.95 Lakh; Mumbai: Rs.14.31 Lakh; Pune: Rs.14.26 Lakh; Hyderabad: Rs.14.97 Lakh; Chennai: Rs.14.97 Lakh; Ahmedabad: Rs.13.63 Lakh; Lucknow: Rs.13.90 Lakh; Jaipur: Rs.14.09 Lakh; Patna: Rs.14.23 Lakh; Chandigarh: Rs.13.55 Lakh
Maruti,Maruti Suzuki Grand Vitara,Grand Vitara Delta CNG,Rs.13.15 Lakh*Get On-Road Price,K15C,1462 cc,87bhp@5500rpm,121.5Nm@4200rpm,4,4,N/A,5-Speed,FWD,N/A,N/A,N/A,BS VI 2.0,MacPherson Strut suspension,Rear twist beam,Electric,Tilt & Telescopic,5.4 m,Ventilated Disc,Solid Disc,4345 mm,1795 mm,1645 mm,N/A,5,210210 mm,2600 mm,N/A,N/A,5,Yes,Yes,Yes,Yes,Yes,Yes,Yes,Yes,Yes,Yes,Yes,Yes,Yes,Yes,Yes,Rear,Yes,Yes,Yes,Yes,Rear,N/A,Yes,N/A,Yes,No,N/A,N/A,N/A,Yes,N/A,Yes,N/A,Yes,N/A,Yes,No,Yes,Yes,Yes,No,N/A,Shark Fin,No,Manual,N/A,215/60 R17,"Tubeless, Radial",17 Inch,N/A,No,N/A,N/A,Yes,Yes,2,Yes,Yes,No,No,Yes,No,Yes,Yes,No,Yes,Yes,With Guidedlines,Yes,Driver,Yes,Yes,Yes,Driver and Passenger,Yes,Yes,No,N/A,N/A,Yes,No,Yes,Yes,N/A,Yes,Yes,Yes,Front & Rear,N/A,Yes,N/A,Yes,Yes,Yes,Yes,Yes,Yes,Yes,Bangalore: Rs.16.10 Lakh; Mumbai: Rs.14.87 Lakh; Pune: Rs.14.83 Lakh; Hyderabad: Rs.16.02 Lakh; Chennai: Rs.16.11 Lakh; Ahmedabad: Rs.14.67 Lakh; Lucknow: Rs.14.98 Lakh; Jaipur: Rs.15.18 Lakh; Patna: Rs.15.33 Lakh; Chandigarh: Rs.14.60 Lakh
Maruti,Maruti Suzuki Grand Vitara,Grand Vitara Delta AT,Rs.13.60 Lakh*Get On-Road Price,K15C With Mild Hybrid System,1462 cc,101.64bhp@6000rpm,136.8Nm@4400rpm,4,4,N/A,6-Speed,FWD,N/A,N/A,45 Litres,BS VI 2.0,MacPherson Strut suspension,Rear twist beam,Electric,Tilt & Telescopic,5.4 m,Ventilated Disc,Solid Disc,4345 mm,1795 mm,1645 mm,373 Litres,5,210 mm,2600 mm,1185-1210 kg,1670 kg,5,Yes,Yes,Yes,Yes,Yes,Yes,Yes,Yes,Yes,Yes,Yes,Yes,Yes,Yes,Yes,Rear,Yes,Yes,Yes,Yes,Rear,N/A,No,N/A,Yes,No,N/A,N/A,N/A,Yes,N/A,Yes,N/A,Yes,N/A,Yes,No,Yes,Yes,Yes,No,N/A,Shark Fin,No,Manual,N/A,215/60 R17,"Tubeless, Radial",17 Inch,N/A,No,N/A,N/A,Yes,Yes,2,Yes,Yes,No,No,Yes,No,Yes,Yes,No,Yes,Yes,With Guidedlines,Yes,Driver,Yes,Yes,Yes,Driver and Passenger,Yes,Yes,No,N/A,N/A,Yes,No,Yes,Yes,N/A,Yes,Yes,Yes,Front & Rear,N/A,Yes,N/A,Yes,Yes,Yes,Yes,Yes,Yes,Yes,Bangalore: Rs.16.64 Lakh; Mumbai: Rs.15.93 Lakh; Pune: Rs.15.88 Lakh; Hyderabad: Rs.16.56 Lakh; Chennai: Rs.16.64 Lakh; Ahmedabad: Rs.15.17 Lakh; Lucknow: Rs.15.48 Lakh; Jaipur: Rs.15.68 Lakh; Patna: Rs.15.85 Lakh; Chandigarh: Rs.15.08 Lakh
Maruti,Maruti Suzuki Grand Vitara,Grand Vitara Zeta,Rs.14.01 Lakh*Get On-Road Price,K15C With Mild Hybrid System,1462 cc,101.64bhp@6000rpm,136.8Nm@4400rpm,4,4,N/A,5-Speed,FWD,N/A,N/A,45 Litres,BS VI 2.0,MacPherson Strut suspension,Rear twist beam,Electric,Tilt & Telescopic,5.4 m,Ventilated Disc,Solid Disc,4345 mm,1795 mm,1645 mm,373 Litres,5,210 mm,2600 mm,1150-1185 kg,1645 kg,5,Yes,Yes,Yes,Yes,Yes,Yes,Yes,Yes,Yes,Yes,Yes,Yes,Yes,Yes,Yes,Rear,Yes,Yes,Yes,Yes,Rear,N/A,Yes,N/A,Yes,Yes,N/A,N/A,N/A,Yes,N/A,Yes,N/A,Yes,N/A,No,Yes,Yes,Yes,Yes,Yes,N/A,Shark Fin,No,Manual,N/A,215/60 R17,"Tubeless, Radial",N/A,N/A,Yes,N/A,N/A,Yes,Yes,6,Yes,Yes,Yes,No,Yes,Yes,Yes,Yes,No,Yes,Yes,With Guidedlines,Yes,Driver,Yes,Yes,Yes,Driver and Passenger,Yes,Yes,No,N/A,N/A,Yes,N/A,Yes,Yes,N/A,Yes,Yes,Yes,Front & Rear,N/A,Yes,N/A,Yes,Yes,Yes,Yes,Yes,Yes,Yes,Bangalore: Rs.17.14 Lakh; Mumbai: Rs.16.40 Lakh; Pune: Rs.16.35 Lakh; Hyderabad: Rs.17.04 Lakh; Chennai: Rs.17.15 Lakh; Ahmedabad: Rs.15.62 Lakh; Lucknow: Rs.15.94 Lakh; Jaipur: Rs.16.15 Lakh; Patna: Rs.16.32 Lakh; Chandigarh: Rs.15.53 Lakh
Maruti,Maruti Suzuki Grand Vitara,Grand Vitara Zeta CNG,Rs.14.96 Lakh*Get On-Road Price,K15C,1462 cc,87bhp@5500rpm,121.5Nm@4200rpm,4,4,N/A,5-Speed,FWD,N/A,N/A,N/A,BS VI 2.0,MacPherson Strut suspension,Rear twist beam,Electric,Tilt & Telescopic,5.4 m,Ventilated Disc,Solid Disc,4345 mm,1795 mm,1645 mm,N/A,5,210 mm,2600 mm,N/A,N/A,5,Yes,Yes,Yes,Yes,Yes,Yes,Yes,Yes,Yes,Yes,Yes,Yes,Yes,Yes,Yes,Rear,Yes,Yes,Yes,Yes,Rear,N/A,No,N/A,Yes,Yes,N/A,N/A,N/A,Yes,N/A,Yes,N/A,Yes,N/A,No,Yes,Yes,Yes,Yes,Yes,N/A,Shark Fin,No,Manual,N/A,215/60 R17,"Tubeless, Radial",N/A,N/A,Yes,N/A,N/A,Yes,Yes,6,Yes,Yes,Yes,No,Yes,Yes,Yes,Yes,No,Yes,Yes,With Guidedlines,Yes,Driver,Yes,Yes,Yes,Driver and Passenger,Yes,Yes,No,N/A,N/A,Yes,No,Yes,Yes,N/A,Yes,Yes,Yes,Front & Rear,N/A,Yes,N/A,Yes,Yes,Yes,Yes,Yes,Yes,Yes,Bangalore: Rs.18.30 Lakh; Mumbai: Rs.16.89 Lakh; Pune: Rs.16.85 Lakh; Hyderabad: Rs.18.17 Lakh; Chennai: Rs.18.30 Lakh; Ahmedabad: Rs.16.66 Lakh; Lucknow: Rs.17.02 Lakh; Jaipur: Rs.17.24 Lakh; Patna: Rs.17.42 Lakh; Chandigarh: Rs.16.58 Lakh
Maruti,Maruti Suzuki Grand Vitara,Grand Vitara Zeta AT,Rs.15.41 Lakh*Get On-Road Price,K15C With Mild Hybrid System,1462 cc,101.64bhp@6000rpm,136.8Nm@4400rpm,4,4,N/A,6-Speed,FWD,N/A,N/A,45 Litres,BS VI 2.0,MacPherson Strut suspension,Rear twist beam,Electric,Tilt & Telescopic,5.4 m,Ventilated Disc,Solid Disc,4345 mm,1795 mm,1645 mm,373 Litres,5,210 mm,2600 mm,1185-1210 kg,1670 kg,5,Yes,Yes,Yes,Yes,Yes,Yes,Yes,Yes,Yes,Yes,Yes,Yes,Yes,Yes,Yes,Rear,Yes,Yes,Yes,Yes,Rear,N/A,No,N/A,Yes,Yes,N/A,N/A,N/A,Yes,N/A,Yes,N/A,Yes,N/A,No,Yes,Yes,Yes,Yes,Yes,N/A,Shark Fin,No,Manual,N/A,215/60 R17,"Tubeless, Radial",N/A,N/A,Yes,N/A,N/A,Yes,Yes,6,Yes,Yes,Yes,No,Yes,Yes,Yes,Yes,No,Yes,Yes,With Guidedlines,Yes,Driver,Yes,Yes,Yes,Driver and Passenger,Yes,Yes,No,N/A,N/A,Yes,No,Yes,Yes,N/A,Yes,Yes,Yes,Front & Rear,N/A,Yes,N/A,Yes,Yes,Yes,Yes,Yes,Yes,Yes,Bangalore: Rs.18.84 Lakh; Mumbai: Rs.18.03 Lakh; Pune: Rs.17.97 Lakh; Hyderabad: Rs.18.71 Lakh; Chennai: Rs.18.83 Lakh; Ahmedabad: Rs.17.16 Lakh; Lucknow: Rs.17.52 Lakh; Jaipur: Rs.17.75 Lakh; Patna: Rs.18.25 Lakh; Chandigarh: Rs.17.06 Lakh
